id;active;year;gender;want_spam;balance;undo_count
1;f;2004;M;t;-10925;0
2;t;2014;M;t;39050;0
3;f;1994;M;t;0;0
4;f;1992;M;t;0;0
5;f;2005;M;t;475;0
6;f;1989;U;t;0;0
7;f;2006;M;t;2825;0
8;f;1983;M;t;0;0
9;f;1995;U;t;-2700;0
10;t;2010;F;t;20050;0
11;f;1999;U;t;725;0
12;f;1987;M;t;0;0
13;f;0;M;t;-375;0
14;f;2002;M;t;0;0
15;f;2012;F;t;800;0
16;t;2011;M;t;1150;0
17;f;1992;M;t;0;0
18;f;1977;M;t;0;0
19;f;2002;M;t;-1025;0
20;f;1992;U;t;0;0
21;f;2012;M;t;0;0
22;f;2003;U;t;3125;0
23;f;2001;U;t;0;0
24;t;2008;M;t;3000;0
25;t;2011;M;t;9800;0
26;f;2006;M;t;-500;0
27;f;1986;M;t;0;0
28;t;2012;M;t;0;0
29;f;2003;M;t;2350;0
30;f;1999;M;t;-14100;0
31;f;2001;U;t;1200;0
32;t;1991;M;t;9025;0
33;f;2008;M;t;450;0
34;t;2014;F;t;8500;0
35;f;0;U;t;0;0
36;f;1994;M;t;0;0
37;f;2013;M;t;150;0
38;f;2012;F;t;0;0
39;t;2015;M;t;3950;0
40;f;1999;M;t;1050;0
41;f;1992;M;t;-13700;0
42;f;2005;M;t;1600;0
43;t;1998;M;t;150;0
44;f;2003;M;t;0;0
45;f;1989;M;t;0;0
46;f;1987;M;t;8375;0
47;f;1999;M;t;-200;0
48;t;2010;U;t;4200;0
49;f;1991;M;t;0;0
50;f;2003;U;t;350;0
51;f;1998;M;t;0;0
52;t;2013;M;t;16350;0
53;f;1996;M;t;25;0
54;t;2008;M;t;300;0
55;f;1989;M;t;0;0
56;f;1991;M;t;0;0
57;f;2011;M;t;250;0
58;f;1995;M;t;-40600;0
59;t;2004;M;t;41450;0
60;t;2016;M;t;2200;0
61;f;2013;M;t;300;0
62;t;2010;U;t;900;0
63;f;0;U;t;0;0
64;f;1989;M;t;0;0
65;f;2002;M;t;-850;0
66;f;1998;M;t;650;0
67;f;1985;M;t;0;0
68;f;2005;M;t;-700;0
69;f;2000;M;t;-800;0
70;f;2003;M;t;-5450;0
71;t;2014;M;t;250;0
72;f;1983;U;t;0;0
73;f;1991;U;t;0;0
74;t;2014;M;t;12450;0
75;f;2011;M;t;0;0
76;f;2001;M;t;-200;0
77;f;1999;M;t;0;0
78;f;1992;M;t;0;0
79;f;2002;M;t;-3175;0
80;f;1995;M;t;0;0
81;t;2012;M;t;4250;0
82;t;2016;M;t;0;0
83;f;2011;M;t;0;0
84;t;2011;U;t;4800;0
85;f;2006;M;t;0;0
86;t;2014;F;t;7400;0
87;t;2015;M;t;6950;0
88;t;2016;M;t;7350;0
89;f;1994;U;t;-13000;0
90;f;2006;M;t;-5200;0
91;f;1988;M;t;0;0
92;f;2000;M;t;0;0
93;t;2015;F;t;3500;0
94;f;1987;U;t;0;0
95;f;1983;M;t;0;0
96;f;1992;U;t;0;0
97;f;2007;M;t;250;0
98;f;1991;M;t;0;0
99;f;1998;M;t;13775;0
100;f;1988;M;t;0;0
101;t;2013;M;t;5500;0
102;f;2006;U;t;75;0
103;f;1983;M;t;0;0
104;f;1986;M;t;0;0
105;f;2013;M;t;100;0
106;t;2009;M;t;300;0
107;f;2007;M;t;500;0
108;f;1991;M;t;0;0
109;f;2006;M;t;-550;0
110;f;2012;F;t;0;0
111;f;1991;M;t;-44400;0
112;f;1999;M;t;9900;0
113;f;2002;M;t;-5400;0
114;t;2015;M;t;4950;0
115;f;1996;M;t;775;0
116;f;1999;M;t;5625;0
117;f;2007;M;t;750;0
118;f;1987;M;t;0;0
119;t;2015;M;t;5100;0
120;f;1992;U;t;900;0
121;f;2005;U;t;-1450;0
122;f;1998;M;t;-16450;0
123;f;2004;M;t;-325;0
124;t;2015;M;t;250;0
125;t;2007;M;t;700;0
126;f;2001;M;t;4275;0
127;f;1993;M;t;-9000;0
128;f;1993;F;t;28400;0
129;t;2005;M;t;3600;0
130;f;1996;F;t;650;0
131;f;1986;M;t;0;0
132;f;1996;M;t;-19600;0
133;f;1997;M;t;125;0
134;t;2004;M;t;5150;0
135;f;2004;M;t;500;0
136;f;2009;M;t;400;0
137;f;1994;M;t;0;0
138;f;2003;M;t;725;0
139;t;2014;M;t;700;0
140;t;2014;M;f;350;0
141;f;2005;M;t;50;0
142;f;2003;U;t;0;0
143;f;2010;M;t;200;0
144;f;2015;F;t;550;0
145;f;2012;M;t;50;0
146;f;2007;M;t;0;0
147;t;2012;M;t;100;0
148;t;2015;M;t;500;0
149;t;2014;M;t;650;0
150;f;1985;M;t;0;0
151;f;2012;F;t;0;0
152;f;2005;U;t;-825;0
153;f;1987;U;t;0;0
154;f;2007;U;t;50;0
155;t;2015;M;t;900;0
156;t;2014;M;t;500;0
157;f;1986;U;t;0;0
158;f;1992;M;t;0;0
159;f;1997;M;t;0;0
160;f;2013;M;t;5000;0
161;t;2011;M;t;650;0
162;f;1986;U;t;0;0
163;t;2003;M;t;0;0
164;f;1997;M;t;225;0
165;f;2005;U;t;0;0
166;t;2012;M;t;650;0
167;f;2002;M;t;0;0
168;f;1996;M;t;-4000;0
169;t;2015;M;t;800;0
170;f;1998;U;t;-975;0
171;t;2015;M;t;200;0
172;f;1993;F;t;0;0
173;f;1994;M;t;0;0
174;f;1987;U;t;12000;0
175;t;2005;M;t;225;0
176;t;2010;M;t;100;0
177;f;2003;M;t;4250;0
178;f;1993;M;t;0;0
179;f;2003;M;t;-1075;0
180;f;1986;M;t;0;0
181;f;2002;M;t;-5125;0
182;f;1999;U;t;-5100;0
183;t;2015;M;t;10250;0
184;f;2011;M;t;250;0
185;t;1984;U;t;2025;0
186;t;2014;M;t;52400;0
187;f;1991;M;t;0;0
188;f;1986;M;t;0;0
189;t;2016;M;t;3850;0
190;f;2014;M;t;950;0
191;t;2015;M;t;150;0
192;f;1990;M;t;0;0
193;f;2000;M;t;0;0
194;f;2002;U;t;-275;0
195;t;2010;U;t;19700;0
196;f;2008;M;t;22300;0
197;f;1989;U;t;0;0
198;t;1998;M;t;800;0
199;f;2008;M;f;0;0
200;f;2001;F;t;0;0
201;f;2000;F;t;800;0
202;f;1978;M;t;0;0
203;f;2003;M;t;-6050;0
204;f;1990;M;t;0;0
205;t;2010;F;t;34050;0
206;t;2013;M;t;4600;0
207;f;2007;M;t;0;0
208;f;2006;F;t;600;0
209;t;2015;M;t;4400;0
210;f;2015;F;t;350;0
211;f;2008;U;t;2350;0
212;f;1997;M;t;2025;0
213;t;2015;M;t;950;0
214;t;2002;U;t;0;0
215;f;2001;M;t;75450;0
216;f;1987;U;t;0;0
217;t;2013;F;t;500;0
218;f;1987;U;t;0;0
219;f;2003;M;t;0;0
220;t;2010;M;t;450;0
221;f;1997;M;t;975;0
222;t;2004;M;t;2786;0
223;f;1975;M;t;0;0
224;f;1993;M;t;0;0
225;f;2003;U;t;1150;0
226;f;2003;M;t;-1175;0
227;f;1990;M;t;0;0
228;t;2004;M;t;7600;0
229;f;1999;U;t;-22000;0
230;t;2015;M;t;300;0
231;f;1997;M;t;-33775;0
232;f;1984;M;t;0;0
233;t;2014;M;t;0;0
234;f;1992;M;t;0;0
235;f;1998;M;t;-1325;0
236;f;1997;U;t;0;0
237;f;1988;M;t;0;0
238;f;1983;U;t;0;0
239;f;2005;M;t;25;0
240;f;2002;M;t;-2225;0
241;f;2002;M;t;-2150;0
242;f;2009;M;t;100;0
243;f;2003;U;t;2675;0
244;f;1994;M;t;0;0
245;t;2017;M;t;5500;0
246;f;2005;M;t;0;0
247;f;2009;U;t;0;0
248;f;2001;U;t;-150;0
249;f;2014;M;t;0;0
250;f;1978;M;t;0;0
251;f;1976;M;t;0;0
252;f;1985;M;t;0;0
253;t;2013;M;t;100;0
254;t;2012;M;t;1550;0
255;t;2008;U;f;550;0
256;f;2003;M;t;0;0
257;f;1997;M;t;13650;0
258;f;1999;M;t;-16100;0
259;t;2012;M;t;0;0
260;f;1997;M;t;-21275;0
261;f;2006;F;t;1450;0
262;t;2015;M;t;7750;0
263;t;2013;M;t;18850;0
264;f;1998;M;t;-3750;0
265;f;2000;M;t;4125;0
266;f;2003;M;t;-550;0
267;f;1986;M;t;0;0
268;f;2011;M;t;950;0
269;f;1988;M;t;0;0
270;f;2006;M;t;356;0
271;f;2001;U;t;3000;0
272;f;1994;M;t;0;0
273;f;2009;M;t;0;0
274;t;2009;F;t;200;0
275;f;2012;M;t;17600;0
276;f;1984;U;t;0;0
277;f;1999;F;t;25;0
278;f;2004;M;t;3750;0
279;f;2002;M;t;0;0
280;f;1990;U;t;0;0
281;f;2011;M;t;7650;0
282;t;2015;M;t;250;0
283;f;1990;M;t;0;0
284;f;1999;M;t;400;0
285;f;1981;M;t;0;0
286;f;1983;U;t;0;0
287;t;2014;M;t;50;0
288;f;1994;M;t;0;0
289;t;2014;F;t;250;0
290;f;1996;M;t;0;0
291;f;2000;M;t;-1600;0
292;f;2010;M;t;0;0
293;f;1980;M;t;-10100;0
294;f;2015;M;t;0;0
295;f;1986;M;t;0;0
296;f;2004;M;t;-450;0
297;f;2000;M;t;-6550;0
298;f;2010;M;t;850;0
299;t;2016;M;t;4650;0
300;f;1992;M;t;0;0
301;f;1997;M;t;0;0
302;t;2014;M;t;700;0
303;t;2008;U;t;100;0
304;f;1991;M;t;0;0
305;f;2004;M;t;-350;0
306;t;2013;M;t;100;0
307;f;2004;M;t;20850;0
308;f;2010;M;t;1000;0
309;f;1980;M;t;0;0
310;t;2015;M;t;0;0
311;t;2015;M;t;0;0
312;f;0;M;t;0;0
313;f;1999;M;t;1775;0
314;f;1990;M;t;0;0
315;f;1994;M;t;0;0
316;f;2005;M;t;-4425;0
317;f;2002;M;t;-3650;0
318;f;1997;M;t;-47850;0
319;f;2001;M;t;750;0
320;f;2000;F;t;3825;0
321;t;2016;F;t;6550;0
322;t;2011;M;t;1500;0
323;t;2012;M;t;17150;0
324;f;2004;M;t;0;0
325;t;2015;M;t;2550;0
326;f;1989;M;t;0;0
327;f;2002;M;t;675;0
328;f;1997;M;t;0;0
329;t;1995;M;t;24415;0
330;f;2001;M;t;25;0
331;f;2001;U;t;25;0
332;f;2008;M;t;500;0
333;f;2006;M;t;100;0
334;f;1996;M;t;0;0
335;f;2012;M;t;0;0
336;t;2015;M;t;3950;0
337;f;2003;U;t;0;0
338;f;1985;F;t;0;0
339;t;2016;M;t;0;0
340;f;1999;M;t;-13175;0
341;f;1979;M;t;0;0
342;f;1985;M;t;0;0
343;f;1994;M;t;0;0
344;f;1989;M;t;0;0
345;f;2007;U;t;0;0
346;f;1995;M;t;875;0
347;f;1985;M;t;0;0
348;t;2009;M;t;1150;0
349;f;2003;M;t;-600;0
350;f;2011;U;t;500;0
351;f;1997;M;t;2025;0
352;t;2015;M;t;1150;0
353;t;2015;M;t;4000;0
354;f;2002;M;t;-1150;0
355;f;2002;U;t;0;0
356;f;2006;M;t;3650;0
357;f;2008;M;t;0;0
358;f;1992;M;t;-20300;0
359;f;2005;M;t;150;0
360;f;2006;M;t;100;0
361;t;2014;M;t;19600;0
362;f;1994;U;t;400;0
363;t;1979;M;t;2775;0
364;f;2000;M;t;0;0
365;f;1979;M;t;0;0
366;f;1992;U;t;-9600;0
367;f;1987;U;t;0;0
368;f;1997;M;t;800;0
369;f;2006;M;t;4025;0
370;f;1985;M;t;0;0
371;f;1991;M;t;0;0
372;f;1984;M;t;0;0
373;f;1986;M;t;0;0
374;f;0;U;t;0;0
375;f;1990;M;t;0;0
376;f;1998;M;t;0;0
377;t;2014;M;t;1050;0
378;f;2012;F;t;350;0
379;f;1988;M;t;0;0
380;f;2004;M;t;-300;0
381;f;2005;M;t;-5000;0
382;t;2014;M;t;30900;0
383;t;2013;M;t;20000;0
384;f;1995;M;t;0;0
385;t;2013;M;t;5150;0
386;f;1992;U;t;0;0
387;t;1999;M;t;7200;0
388;f;2002;U;t;-1425;0
389;f;1991;F;t;0;0
390;f;1993;U;t;0;0
391;f;2002;M;t;-2550;0
392;f;1996;F;t;0;0
393;f;2005;M;t;475;0
394;t;2016;M;t;20100;0
395;f;2011;M;t;900;0
396;f;1999;M;t;300;0
397;t;2014;M;t;600;0
398;f;1996;M;t;0;0
399;t;2015;M;t;100;0
400;f;2002;M;t;150;0
401;f;1989;M;t;2900;0
402;f;1999;M;t;-175;0
403;t;2012;M;t;650;0
404;t;2014;M;t;14250;0
405;f;1991;M;t;0;0
406;f;2007;M;t;5475;0
407;t;2014;M;t;350;0
408;f;1996;M;t;-1050;0
409;f;1988;U;t;0;0
410;t;2012;M;t;400;0
411;f;1985;U;t;0;0
412;f;2002;M;t;350;0
413;t;2013;M;t;16200;0
414;t;2016;M;t;1850;0
415;f;2006;M;t;450;0
416;f;2005;M;t;400;0
417;f;2005;M;t;10000;0
418;t;2015;M;t;100;0
419;f;2009;M;t;53150;0
420;f;2004;M;t;25;0
421;f;2002;U;t;0;0
422;f;2002;U;t;11550;0
423;f;2001;M;t;-3350;0
424;f;1979;M;t;0;0
425;t;2013;M;t;16000;0
426;f;1985;M;t;0;0
427;f;2012;M;t;300;0
428;f;2001;M;t;0;0
429;f;2000;M;t;-21525;0
430;t;1979;M;t;800;0
431;f;2005;U;t;-5200;0
432;f;1994;M;t;0;0
433;t;2014;M;t;7400;0
434;f;2008;M;t;5200;0
435;f;2006;M;t;0;0
436;t;2016;M;t;150;0
437;f;1977;M;t;3300;0
438;t;2011;M;t;850;0
439;f;1981;U;t;0;0
440;t;2012;M;t;700;0
441;t;2014;M;t;150;0
442;f;2001;U;t;175;0
443;f;2009;M;t;500;0
444;f;2000;U;t;50;0
445;f;1984;U;t;425;0
446;f;2009;M;t;650;0
447;f;2002;M;t;-2075;0
448;f;2001;F;t;0;0
449;f;1996;M;t;0;0
450;f;1991;M;t;3100;0
451;f;1994;M;t;0;0
452;f;1999;M;t;0;0
453;f;1999;M;t;0;0
454;f;1985;M;t;0;0
455;f;1995;M;t;0;0
456;f;2002;M;t;-675;0
457;f;1999;M;t;75;0
458;f;1993;M;t;0;0
459;f;2008;M;t;400;0
460;f;2003;U;t;0;0
461;t;2015;U;t;3000;0
462;t;2016;M;t;0;0
463;f;1984;U;t;0;0
464;f;1992;M;t;0;0
465;t;2015;M;t;350;0
466;f;1995;U;t;0;0
467;f;2002;M;t;-3725;0
468;f;1983;M;t;0;0
469;f;2001;M;t;-850;0
470;f;2001;U;t;-75;0
471;f;1985;M;t;0;0
472;t;2015;M;t;0;0
473;t;2016;M;t;0;0
474;t;2010;M;t;1000;0
475;t;2017;F;t;2250;0
476;f;1993;M;t;-48400;0
477;t;2015;M;t;0;0
478;f;1998;U;t;0;0
479;f;1999;F;t;0;0
480;f;2010;M;t;5600;0
481;f;1994;U;t;0;0
482;t;2016;M;t;250;0
483;f;1987;M;t;0;0
484;f;2006;M;t;75;0
485;f;2007;M;t;0;0
486;f;2006;M;t;175;0
487;f;2003;M;t;-925;0
488;f;2009;M;t;0;0
489;t;2007;M;t;16950;0
490;f;1984;M;t;0;0
491;t;2012;M;t;200;0
492;f;2001;M;t;-3175;0
493;f;1984;M;t;0;0
494;f;2012;M;t;1300;0
495;t;2013;M;t;42050;0
496;f;1995;U;t;0;0
497;f;1986;M;t;0;0
498;t;2014;F;t;1100;0
499;f;1977;M;t;0;0
500;f;2002;M;t;4950;0
501;f;1992;M;t;0;0
502;f;1977;U;t;0;0
503;f;2011;M;t;150;0
504;f;1990;M;t;0;0
505;f;2010;M;t;200;0
506;t;2016;M;t;4500;0
507;f;2006;M;t;2500;0
508;f;1985;M;t;0;0
509;f;1988;U;t;0;0
510;f;0;M;t;0;0
511;t;2011;U;t;0;0
512;t;2010;M;t;56850;0
513;t;2016;F;t;0;0
514;f;2004;M;t;8425;0
515;f;1978;U;t;0;0
516;t;2014;M;f;0;0
517;f;1992;M;t;0;0
518;t;2015;M;t;2450;0
519;f;2009;M;t;200;0
520;f;1991;U;t;0;0
521;f;1985;M;t;0;0
522;f;1997;M;t;-33300;0
523;f;2004;U;t;0;0
524;f;2003;U;t;0;0
525;t;2015;F;t;0;0
526;f;2003;M;t;-5425;0
527;t;2004;M;t;0;0
528;f;1993;U;t;-9000;0
529;f;1998;M;t;175;0
530;f;2002;M;t;-36125;0
531;f;2006;M;t;2800;0
532;f;2011;U;t;15000;0
533;t;2004;U;t;8825;0
534;f;1985;M;t;0;0
535;f;2003;U;t;0;0
536;f;1991;M;t;0;0
537;f;1985;F;t;0;0
538;f;1997;M;t;4325;0
539;f;1994;M;t;-5450;0
540;t;2016;M;t;16650;0
541;t;2010;U;t;21250;0
542;f;1984;U;t;0;0
543;t;2015;M;t;0;0
544;t;2016;M;t;26000;0
545;t;2012;M;t;0;0
546;f;2010;M;t;200;0
547;f;1999;M;t;0;0
548;f;1979;U;t;0;0
549;t;2016;M;t;8050;0
550;t;2009;M;t;0;0
551;f;1984;U;t;0;0
552;f;2006;M;t;4125;0
553;f;1989;M;t;0;0
554;f;1990;M;t;0;0
555;f;1989;M;t;0;0
556;t;2010;M;t;6000;0
557;f;2013;M;t;400;0
558;t;2014;M;t;900;0
559;f;1990;M;t;100;0
560;f;2002;M;t;2050;0
561;f;2000;M;t;0;0
562;f;2010;M;f;100;0
563;f;1990;M;t;-74900;0
564;f;2011;M;t;750;0
565;f;2006;M;t;30050;0
566;f;2005;U;t;-5200;0
567;f;1985;U;t;0;0
568;t;2015;M;t;7150;0
569;f;1996;F;t;475;0
570;f;2001;M;t;350;0
571;f;1991;M;t;0;0
572;t;2015;F;t;250;0
573;f;2003;M;t;3325;0
574;t;2014;M;t;100;0
575;f;2003;M;t;600;0
576;t;2008;M;t;600;0
577;t;2015;M;t;0;0
578;t;2014;M;t;27400;0
579;f;2001;U;t;1400;0
580;f;1994;M;t;0;0
581;f;2006;M;t;300;0
582;t;2012;M;t;8500;0
583;f;2004;M;t;200;0
584;f;1991;M;t;0;0
585;t;2013;F;t;400;0
586;t;1987;M;t;10975;0
587;f;1989;M;t;0;0
588;t;2004;M;t;300;0
589;t;2010;M;t;600;0
590;t;2014;M;t;50;0
591;f;2008;M;t;0;0
592;f;2005;M;t;-5400;0
593;t;2013;M;t;10000;0
594;t;2011;M;t;1100;0
595;f;2009;U;t;100;0
596;f;1996;M;t;4000;0
597;f;1986;M;t;0;0
598;t;2001;M;t;0;0
599;f;1993;U;t;0;0
600;t;2013;M;t;26600;0
601;t;2009;U;t;50;0
602;f;2003;M;t;-2950;0
603;f;1989;M;t;0;0
604;f;1991;M;t;0;0
605;f;1997;M;t;0;0
606;f;2012;M;t;50;0
607;f;1999;M;t;250;0
608;t;1984;M;t;18800;0
609;f;2003;U;t;0;0
610;t;1992;M;t;675;0
611;f;2002;M;t;25;0
612;f;2002;M;t;-6000;0
613;t;2016;M;t;6500;0
614;f;2007;U;t;0;0
615;t;2002;M;t;460;0
616;t;2009;M;t;0;0
617;f;1995;M;t;0;0
618;f;1983;M;t;0;0
619;f;1983;M;t;0;0
620;f;1996;M;t;0;0
621;f;2006;M;t;0;0
622;t;2016;M;t;5000;0
623;f;1984;M;t;0;0
624;t;2013;M;t;25150;0
625;f;1988;M;t;0;0
626;f;1992;M;t;0;0
627;f;1976;U;t;0;0
628;t;2014;M;t;9950;0
629;t;2013;M;t;0;0
630;f;1985;M;t;0;0
631;t;1995;U;t;8525;0
632;f;2004;M;t;-1250;0
633;t;2013;M;t;300;0
634;f;1984;U;t;0;0
635;f;1985;M;t;0;0
636;f;1991;M;t;0;0
637;t;2015;M;t;0;0
638;f;2012;M;t;0;0
639;f;1991;M;t;0;0
640;f;1984;M;t;0;0
641;t;2012;M;t;300;0
642;f;1991;M;t;0;0
643;f;2003;M;t;0;0
644;f;1996;M;t;20000;0
645;t;2013;M;t;6750;0
646;f;1991;M;t;0;0
647;f;1986;M;t;0;0
648;f;2007;M;t;50;0
649;f;2004;M;t;4425;0
650;t;2013;M;t;1050;0
651;t;2014;M;t;200;0
652;f;1982;M;t;0;0
653;f;2011;M;t;0;0
654;f;1993;M;t;0;0
655;f;1988;M;t;0;0
656;f;2012;M;t;4250;0
657;t;2016;M;t;12150;0
658;f;1977;M;t;0;0
659;t;2009;M;t;0;0
660;f;2009;M;t;-3000;0
661;f;2004;M;t;13525;0
662;f;1998;M;t;175;0
663;t;2014;M;t;22350;0
664;f;1993;M;t;0;0
665;f;1988;M;t;0;0
666;t;2011;M;t;9900;0
667;f;2012;M;t;250;0
668;f;1991;U;t;0;0
669;t;2011;M;t;0;0
670;f;0;M;t;-1775;0
671;f;2010;M;t;0;0
672;t;2011;M;t;16900;0
673;t;2014;M;t;9100;0
674;f;2003;U;t;5100;0
675;f;2001;M;t;-700;0
676;t;2013;M;t;250;0
677;t;2006;M;t;25;0
678;t;2016;M;t;350;0
679;f;1977;M;t;0;0
680;t;2015;M;t;900;0
681;f;2003;M;t;1700;0
682;f;1993;M;t;0;0
683;t;2016;F;t;4500;0
684;f;1993;F;t;0;0
685;f;1989;M;t;0;0
686;f;1997;M;t;125;0
687;f;2003;M;t;-5150;0
688;t;2015;F;t;100;0
689;f;2012;M;t;5000;0
690;f;2015;M;t;100;0
691;f;1999;U;t;575;0
692;f;1992;M;t;0;0
693;f;1990;M;t;0;0
694;f;2012;M;t;0;0
695;t;2014;M;t;29700;0
696;t;2011;M;t;150;0
697;f;1984;M;t;0;0
698;f;2003;M;t;0;0
699;f;1980;M;t;0;0
700;f;1996;M;t;0;0
701;f;2012;M;t;3250;0
702;f;1987;M;t;0;0
703;t;2014;M;t;6450;0
704;f;2001;M;t;0;0
705;f;2004;M;t;175;0
706;t;2013;F;t;7850;0
707;f;2014;M;t;450;0
708;f;1994;M;t;0;0
709;t;1987;U;t;0;0
710;f;1985;U;t;0;0
711;t;2003;F;t;0;0
712;f;2004;M;t;-600;0
713;f;2006;M;t;2250;0
714;f;0;M;t;0;0
715;f;1983;U;t;0;0
716;t;2001;U;t;1325;0
717;f;1997;M;t;475;0
718;f;1999;M;t;-2575;0
719;f;2002;U;t;0;0
720;f;1995;M;t;-1475;0
721;f;2002;M;t;-4075;0
722;f;1992;M;t;0;0
723;t;2015;M;t;0;0
724;t;2016;M;t;50;0
725;f;2003;M;t;1225;0
726;f;2002;M;t;-175;0
727;f;1994;M;t;0;0
728;f;2006;M;t;0;0
729;f;2005;U;t;500;0
730;t;2013;M;t;50;0
731;f;2005;M;t;9725;0
732;f;1987;M;t;0;0
733;t;2015;M;t;450;0
734;f;1990;M;t;0;0
735;t;2015;M;t;700;0
736;f;2004;M;t;4650;0
737;f;1998;M;t;-12600;0
738;f;1999;M;t;400;0
739;f;1986;M;t;0;0
740;t;2013;M;t;350;0
741;f;1996;M;t;0;0
742;f;2002;M;t;3450;0
743;f;2004;M;t;325;0
744;f;2007;M;t;700;0
745;f;2003;M;t;0;0
746;f;2001;M;t;-8900;0
747;t;2014;M;t;0;0
748;f;2002;M;t;-2125;0
749;f;2004;M;t;100;0
750;t;2010;M;t;5900;0
751;f;2003;M;t;4000;0
752;f;2012;M;t;950;0
753;t;2013;M;t;400;0
754;f;2005;M;t;100;0
755;f;2009;U;t;0;0
756;f;1995;U;t;8525;0
757;f;2003;U;t;1075;0
758;f;2002;M;t;250;0
759;f;1999;M;t;-32425;0
760;f;1998;U;t;750;0
761;f;1987;M;t;0;0
762;f;1981;M;t;-9100;0
763;f;2003;M;t;-1150;0
764;f;2012;M;t;250;0
765;f;2001;M;t;-2450;0
766;t;2015;M;t;450;0
767;f;1999;M;t;-6800;0
768;t;2008;M;t;8700;0
769;f;2003;M;t;0;0
770;f;1993;M;t;0;0
771;f;1992;U;t;0;0
772;f;2009;M;t;300;0
773;t;2003;M;t;0;0
774;f;2011;U;t;600;0
775;t;2015;M;t;50;0
776;t;2015;M;t;50;0
777;t;2012;M;t;0;0
778;t;2012;M;t;0;0
779;f;1981;M;t;0;0
780;f;2001;F;t;50;0
781;f;2008;M;t;3300;0
782;f;1995;M;t;0;0
783;f;2007;M;t;500;0
784;f;1994;M;t;700;0
785;f;2010;M;t;1400;0
786;f;2001;M;t;2625;0
787;f;2006;M;t;12700;0
788;f;1999;M;t;525;0
789;f;2010;U;t;50;0
790;f;2009;U;f;50;0
791;f;2010;M;t;100;0
792;f;2009;M;t;0;0
793;f;2006;M;t;725;0
794;f;1988;M;t;0;0
795;t;2006;U;t;17900;0
796;t;2015;M;t;550;0
797;f;1982;M;t;0;0
798;f;0;U;t;0;0
799;f;1998;U;t;0;0
800;f;2004;F;t;0;0
801;f;1995;M;t;0;0
802;f;1985;U;t;0;0
803;f;2004;M;t;0;0
804;t;2013;M;t;11450;0
805;t;2014;M;t;400;0
806;t;2015;M;t;12150;0
807;f;2004;U;t;0;0
808;f;1986;M;t;0;0
809;f;1995;M;t;-100;0
810;f;2004;U;t;0;0
811;f;2004;M;t;-5025;0
812;f;2002;U;t;-1275;0
813;t;2008;F;t;14600;0
814;f;1993;M;t;-10700;0
815;t;2009;M;t;0;0
816;t;2015;F;t;0;0
817;f;1977;M;t;0;0
818;f;2005;U;t;-4025;0
819;f;2002;M;t;-2700;0
820;f;2008;M;t;900;0
821;f;2003;U;t;0;0
822;t;2006;M;t;0;0
823;f;1988;M;t;0;0
824;t;2011;U;t;100;0
825;f;2010;M;t;100;0
826;f;2006;M;t;-700;0
827;f;1994;M;t;0;0
828;t;2009;M;t;150;0
829;t;2014;M;t;150;0
830;f;1996;M;t;18900;0
831;t;2013;M;t;1050;0
832;f;2003;M;t;4000;0
833;f;2006;M;t;50;0
834;f;2000;M;t;-2950;0
835;f;2003;M;t;0;0
836;t;2012;M;t;0;0
837;f;2007;U;t;550;0
838;f;2002;F;t;-1200;0
839;t;2011;U;t;0;0
840;f;2004;M;t;175;0
841;f;2012;M;t;150;0
842;f;1991;M;t;0;0
843;f;1992;M;t;0;0
844;f;2003;M;t;-20000;0
845;f;1984;M;t;0;0
846;f;1994;M;t;0;0
847;t;2013;M;t;600;0
848;t;2016;M;t;2500;0
849;f;1996;M;t;300;0
850;f;1994;F;t;0;0
851;f;1989;M;t;0;0
852;f;1999;M;t;1025;0
853;t;2016;F;t;16100;0
854;f;2003;U;t;0;0
855;f;1998;U;t;-10575;0
856;t;2015;M;t;950;0
857;f;2006;M;t;700;0
858;f;2006;U;t;0;0
859;f;1995;M;t;0;0
860;t;2011;M;t;20400;0
861;f;1999;M;t;-3775;0
862;f;1998;M;t;0;0
863;t;2013;M;t;550;0
864;f;1984;M;t;0;0
865;f;1994;M;t;0;0
866;f;1993;M;t;0;0
867;f;1995;M;t;600;0
868;t;2009;M;t;200;0
869;f;1994;M;t;0;0
870;f;2001;U;t;0;0
871;f;2014;M;t;18800;0
872;f;1985;M;t;0;0
873;f;1987;U;t;0;0
874;t;2014;M;t;0;0
875;f;2005;M;t;-5200;0
876;t;2016;M;t;0;0
877;f;1985;U;t;0;0
878;t;2015;M;t;10000;0
879;f;2010;M;t;29400;0
880;f;1986;M;t;0;0
881;f;1997;M;t;2175;0
882;f;1988;M;t;0;0
883;f;1984;U;t;0;0
884;f;2011;M;t;0;0
885;f;1986;U;t;0;0
886;f;1992;M;t;0;0
887;f;1993;M;t;5200;0
888;t;2013;M;t;250;0
889;f;1997;M;t;4850;0
890;f;2006;U;t;475;0
891;t;2016;M;t;500;0
892;t;2013;M;t;42150;0
893;f;1985;M;t;0;0
894;f;1996;M;t;0;0
895;f;2005;M;t;1100;0
896;f;1989;M;t;0;0
897;f;1998;M;t;0;0
898;f;2003;M;t;-700;0
899;f;1988;U;t;0;0
900;t;2012;M;t;150;0
901;t;2012;M;t;1850;0
902;f;1996;M;t;-34925;0
903;f;2002;M;t;75;0
904;f;1993;M;t;0;0
905;f;1998;M;t;0;0
906;f;2003;M;t;-2800;0
907;f;1984;M;t;0;0
908;f;2002;M;t;4050;0
909;t;2006;M;t;0;0
910;f;1998;M;t;0;0
911;t;2014;M;t;2400;0
912;f;2005;F;t;0;0
913;f;2005;U;t;0;0
914;f;1999;F;t;-13575;0
915;t;2015;M;t;16500;0
916;f;2005;M;t;1025;0
917;f;2005;M;t;375;0
918;t;2004;M;f;6825;0
919;t;2014;M;t;11400;0
920;t;2016;M;t;4000;0
921;t;2015;M;t;5800;0
922;f;2004;M;t;8725;0
923;f;2007;M;t;600;0
924;f;2004;M;t;-1300;0
925;f;2006;M;t;150;0
926;t;2010;M;t;35150;0
927;t;2013;M;t;0;0
928;t;2014;M;t;2200;0
929;t;2013;M;t;200;0
930;f;2000;M;t;12587;0
931;t;2005;M;t;1475;0
932;t;2013;M;t;0;0
933;f;1998;M;t;0;0
934;f;1985;M;t;0;0
935;t;2015;M;t;250;0
936;f;1986;M;t;0;0
937;f;1988;U;t;0;0
938;t;2014;M;t;23800;0
939;t;2013;M;t;9750;0
940;f;1987;M;t;0;0
941;f;1981;M;t;0;0
942;f;1996;M;t;50;0
943;f;1991;M;t;0;0
944;f;2005;M;t;500;0
945;f;2006;M;t;-2800;0
946;f;2001;M;t;1025;0
947;f;1997;U;t;0;0
948;f;2004;M;t;5875;0
949;t;2016;M;t;14600;0
950;t;2016;M;f;800;0
951;f;1983;M;t;0;0
952;f;2002;M;t;-700;0
953;f;1997;M;t;0;0
954;f;1983;M;t;0;0
955;f;1985;M;t;0;0
956;f;1986;M;t;0;0
957;f;2012;M;t;0;0
958;f;1992;M;t;0;0
959;f;2003;M;t;125;0
960;t;2016;M;t;15000;0
961;f;1996;F;t;0;0
962;f;1995;M;t;0;0
963;f;2001;U;t;0;0
964;t;1999;M;t;975;0
965;f;1997;M;t;0;0
966;f;2006;M;t;150;0
967;f;2014;M;t;1000;0
968;f;0;U;t;0;0
969;f;2005;M;t;-5600;0
970;f;2002;M;t;350;0
971;f;2008;F;f;0;0
972;t;2009;M;t;0;0
973;f;1990;M;t;0;0
974;f;2009;M;t;500;0
975;f;1982;M;t;0;0
976;f;1984;M;t;0;0
977;f;1994;M;t;0;0
978;f;1993;U;t;-18200;0
979;f;1984;M;t;0;0
980;t;2010;M;t;32700;0
981;f;1984;M;t;0;0
982;f;2011;U;t;100;0
983;f;1999;M;t;-7300;0
984;t;1991;M;t;525;0
985;f;2003;U;t;0;0
986;f;1985;M;t;0;0
987;t;2014;M;t;400;0
988;t;2014;M;t;9650;0
989;t;2009;M;t;250;0
990;t;2015;M;t;850;0
991;f;2002;M;t;3150;0
992;t;2015;M;t;400;0
993;t;2013;M;t;28850;0
994;f;2002;M;t;1125;0
995;t;2011;F;t;14250;0
996;f;1994;U;t;75;0
997;f;1996;M;t;0;0
998;f;1994;M;t;0;0
999;t;2014;M;t;150;0
1000;t;2013;M;t;3050;0
1001;f;1983;M;t;0;0
1002;f;2011;M;t;550;0
1003;f;1994;U;t;0;0
1004;t;2010;M;t;4250;0
1005;t;2006;M;t;11596;0
1006;t;2015;M;t;8650;0
1007;f;1986;M;t;0;0
1008;t;2014;M;t;24500;0
1009;f;2006;U;t;4800;0
1010;f;1993;M;t;0;0
1011;f;2000;M;t;-7550;0
1012;f;1996;M;t;-1600;0
1013;f;2001;M;t;0;0
1014;f;1990;M;t;0;0
1015;f;2005;M;t;-1300;0
1016;t;1985;M;t;2425;0
1017;f;1984;M;t;0;0
1018;f;1989;M;t;0;0
1019;f;1982;M;t;0;0
1020;f;1997;M;t;2375;0
1021;f;1988;M;t;0;0
1022;f;0;M;t;0;0
1023;t;2011;M;t;150;0
1024;f;2003;M;t;4525;0
1025;t;2012;M;t;200;0
1026;t;2016;M;t;3050;0
1027;f;2012;M;f;650;0
1028;f;2003;U;t;-5125;0
1029;f;1998;U;t;-4700;0
1030;f;2008;U;t;2400;0
1031;f;0;U;t;0;0
1032;f;2002;F;t;15575;0
1033;t;2005;M;t;11425;1
1034;t;2015;M;t;3550;0
1035;f;2011;M;t;11300;0
1036;f;1984;U;t;0;0
1037;t;2011;M;t;5650;0
1038;t;2016;M;t;19400;0
1039;f;2011;U;t;0;0
1040;f;2004;M;t;300;0
1041;t;2013;M;f;400;0
1042;f;1985;M;t;0;0
1043;f;2002;M;t;-3875;0
1044;t;2013;M;t;800;0
1045;f;2014;M;t;50;0
1046;t;2015;M;t;450;0
1047;f;1994;M;t;-8900;0
1048;f;1989;M;t;0;0
1049;f;2010;M;t;0;0
1050;t;2013;F;t;850;0
1051;f;2006;M;t;2350;0
1052;f;2004;M;t;-225;0
1053;t;2010;M;t;800;0
1054;f;1998;M;t;-9700;0
1055;f;2004;M;t;10425;0
1056;f;2007;M;t;850;0
1057;f;1989;M;t;0;0
1058;f;1994;U;t;24500;0
1059;t;2014;M;t;550;0
1060;f;2011;M;t;250;0
1061;t;2014;M;t;20800;0
1062;f;2004;U;t;-14550;0
1063;f;1988;M;t;0;0
1064;f;2009;M;t;5900;0
1065;f;1999;M;t;-1425;0
1066;t;2014;M;t;400;0
1067;f;1978;M;t;0;0
1068;t;2016;F;t;16650;0
1069;f;2011;U;t;0;0
1070;f;2007;M;t;250;0
1071;f;2005;M;t;550;0
1072;f;2001;M;t;0;0
1073;f;1993;M;t;0;0
1074;t;2014;M;t;250;0
1075;f;1980;M;t;0;0
1076;f;2003;U;t;0;0
1077;f;2000;M;t;11575;0
1078;f;2001;M;t;-3700;0
1079;t;2016;M;t;5800;0
1080;t;2013;M;t;200;0
1081;f;2003;M;t;0;0
1082;f;1984;U;t;0;0
1083;t;2014;M;t;9900;0
1084;f;1979;F;t;0;0
1085;f;1986;M;t;0;0
1086;f;2012;M;t;250;0
1087;f;2002;M;t;0;0
1088;f;2005;M;t;275;0
1089;f;1997;M;t;-22025;0
1090;t;2005;M;t;1743;0
1091;f;2006;M;t;400;0
1092;f;2007;M;t;0;0
1093;f;2002;M;t;-3875;0
1094;f;2010;M;t;3150;0
1095;f;1983;M;t;0;0
1096;t;2012;M;t;11600;0
1097;f;1982;M;t;0;0
1098;f;2006;U;t;600;0
1099;f;2002;M;t;3050;0
1100;f;2000;U;t;25;0
1101;f;2005;M;t;-3900;0
1102;f;1994;M;t;0;0
1103;f;2002;M;t;2025;0
1104;f;1997;M;t;0;0
1105;f;2005;U;t;0;0
1106;t;2010;M;t;650;0
1107;f;2009;F;t;100;0
1108;t;2014;M;t;11500;0
1109;f;2002;M;t;475;0
1110;t;2016;M;t;1300;0
1111;t;2011;U;t;200;0
1112;t;2012;M;t;400;0
1113;f;1988;M;t;0;0
1114;t;2015;M;t;450;0
1115;f;2012;M;t;1050;0
1116;f;2005;U;t;10650;0
1117;f;1975;M;t;0;0
1118;f;2006;M;t;125;0
1119;f;1996;M;t;0;0
1120;f;2011;M;t;0;0
1121;f;2006;U;t;400;0
1122;f;2012;F;t;0;0
1123;f;1988;U;t;0;0
1124;f;2004;M;t;1225;0
1125;f;1997;M;t;-32625;0
1126;f;1999;M;t;-14025;0
1127;f;1992;M;t;0;0
1128;t;2004;F;t;4315;0
1129;f;2005;M;t;-1925;0
1130;f;2006;U;t;300;0
1131;f;1998;M;t;0;0
1132;f;1999;U;t;-75;0
1133;t;2015;M;t;10200;0
1134;f;1986;M;t;0;0
1135;f;1993;M;t;0;0
1136;f;1985;U;t;0;0
1137;f;0;M;t;-10600;0
1138;f;1988;M;t;0;0
1139;f;1988;M;t;0;0
1140;f;2002;M;t;-1900;0
1141;f;2003;M;t;-4225;0
1142;f;2005;M;t;-1575;0
1143;t;2015;M;t;29000;0
1144;f;2001;U;t;1300;0
1145;f;1985;M;t;0;0
1146;t;2015;M;t;0;0
1147;t;2011;M;t;600;0
1148;f;2001;M;t;9750;0
1149;t;2013;M;t;50;0
1150;f;1995;U;t;0;0
1151;f;1983;U;t;0;0
1152;f;1991;U;t;0;0
1153;t;2013;M;t;10900;0
1154;f;1994;U;t;-31800;0
1155;f;2011;M;t;0;0
1156;f;2003;M;t;5025;0
1157;t;2016;M;t;46950;0
1158;t;2011;M;t;9150;0
1159;f;2010;M;t;700;0
1160;f;1991;M;t;0;0
1161;f;2002;U;t;3100;0
1162;f;1995;U;t;0;0
1163;f;1990;M;t;0;0
1164;f;1998;M;t;0;0
1165;f;2002;M;t;3750;0
1166;f;2003;M;t;-7850;0
1167;f;1989;M;t;0;0
1168;f;2002;U;t;0;0
1169;f;2001;F;t;125;0
1170;f;1983;M;t;0;0
1171;f;1989;M;t;0;0
1172;f;1991;U;t;0;0
1173;f;1988;F;t;0;0
1174;f;1991;M;t;0;0
1175;t;2009;M;t;12700;0
1176;f;1992;M;t;0;0
1177;t;2005;M;t;45190;0
1178;f;1990;M;t;0;0
1179;f;1992;M;t;0;0
1180;f;2003;U;t;500;0
1181;f;2002;M;t;125;0
1182;f;1998;M;t;-1675;0
1183;f;2006;M;t;4200;0
1184;t;2014;M;t;200;0
1185;f;1986;M;t;0;0
1186;f;1997;M;t;175;0
1187;t;2016;M;t;8700;0
1188;f;1993;M;t;0;0
1189;f;1994;M;t;0;0
1190;t;2014;M;t;13800;0
1191;f;1993;M;t;10000;0
1192;f;2004;M;t;25;0
1193;t;2015;M;t;13300;0
1194;f;2004;M;t;-2400;0
1195;f;2014;F;t;9950;0
1196;t;1994;M;t;900;0
1197;t;2013;M;t;600;0
1198;f;1994;M;t;-24925;0
1199;t;1994;M;t;64200;0
1200;f;1990;M;t;0;0
1201;t;2009;M;t;23000;0
1202;f;2001;M;t;3475;0
1203;f;2002;M;t;-1925;0
1204;f;2002;M;t;0;0
1205;t;2014;M;t;50;0
1206;f;0;M;t;0;0
1207;t;2006;M;t;14000;0
1208;t;2011;M;t;3600;0
1209;f;1990;M;t;0;0
1210;f;1997;M;t;50;0
1211;f;1989;M;t;0;0
1212;f;2003;M;t;-4000;0
1213;f;2002;M;t;25;0
1214;f;1994;M;t;8900;0
1215;f;1986;U;t;0;0
1216;t;2016;M;t;4400;0
1217;t;2011;M;t;7350;0
1218;f;1998;M;t;0;0
1219;f;1987;M;t;0;0
1220;t;2013;F;t;150;0
1221;f;1999;M;t;0;0
1222;f;2004;M;t;-25;0
1223;f;1999;M;t;0;0
1224;f;1997;M;t;0;0
1225;f;1997;U;t;0;0
1226;f;2000;U;t;1850;0
1227;f;1985;M;t;0;0
1228;t;2015;M;t;10350;0
1229;f;1993;M;t;2000;0
1230;f;1995;M;t;0;0
1231;f;1998;U;t;10475;0
1232;f;2011;M;t;350;0
1233;f;0;M;t;28150;0
1234;t;2010;U;t;22100;0
1235;t;2009;M;t;0;0
1236;f;2012;M;t;2500;0
1237;f;2004;M;t;200;0
1238;f;2003;M;t;425;0
1239;t;2014;M;t;2100;0
1240;f;1991;U;t;0;0
1241;f;2008;U;t;450;0
1242;f;2005;M;t;6000;0
1243;f;2004;M;t;-400;0
1244;f;2005;M;t;4300;0
1245;f;2000;U;t;5800;0
1246;f;1992;M;t;0;0
1247;f;1983;U;t;0;0
1248;f;1993;F;t;0;0
1249;f;2005;U;t;11700;0
1250;f;1982;M;t;0;0
1251;f;2002;M;t;0;0
1252;f;1993;M;t;0;0
1253;f;2003;M;t;0;0
1254;f;1997;U;t;-28275;0
1255;f;2014;M;t;250;0
1256;f;1996;M;t;0;0
1257;f;2001;M;t;-15375;0
1258;f;2006;M;t;0;0
1259;f;2006;U;t;-550;0
1260;f;1999;U;t;575;0
1261;f;2005;M;t;0;0
1262;f;2001;M;t;-5175;0
1263;t;1984;M;t;900;0
1264;f;2012;M;t;0;0
1265;t;2002;U;t;4525;0
1266;f;1994;M;t;0;0
1267;f;1986;M;t;0;0
1268;f;2005;M;t;-1450;0
1269;t;2011;U;t;3150;0
1270;f;1984;M;t;0;0
1271;t;2015;M;t;2250;0
1272;t;2013;F;t;33300;0
1273;t;2016;M;t;2550;0
1274;f;1994;M;t;0;0
1275;f;2001;M;t;900;0
1276;f;2015;M;t;100;0
1277;t;2005;M;t;201;0
1278;t;2014;M;t;400;0
1279;f;1999;M;t;0;0
1280;f;1990;M;t;0;0
1281;f;2004;F;t;500;0
1282;f;2014;M;t;50;0
1283;f;2005;M;t;21125;0
1284;f;2005;M;t;-2125;0
1285;f;2006;M;t;9600;0
1286;f;2003;M;t;25;0
1287;f;2010;M;t;11850;0
1288;f;2003;U;t;0;0
1289;f;1991;U;t;0;0
1290;t;2017;F;t;8900;0
1291;f;1990;M;t;0;0
1292;f;2005;M;t;25;0
1293;f;2002;M;t;2675;0
1294;f;2000;M;t;-25;0
1295;f;2005;F;t;0;0
1296;f;2004;M;t;-725;0
1297;f;1985;M;t;0;0
1298;t;2011;U;t;50;0
1299;f;2001;M;t;25;0
1300;f;2004;M;t;3125;0
1301;f;1994;M;t;-20000;0
1302;f;1998;M;t;-24250;0
1303;f;1990;M;t;0;0
1304;f;1989;M;t;0;0
1305;f;1992;M;t;0;0
1306;f;1999;U;t;13725;0
1307;t;2013;M;t;150;0
1308;t;2015;M;t;0;0
1309;f;1989;M;t;0;0
1310;f;1998;M;t;0;0
1311;f;2008;U;t;400;0
1312;f;2003;M;t;0;0
1313;f;1984;M;t;0;0
1314;f;1984;M;t;0;0
1315;t;2014;F;t;0;0
1316;f;2003;M;t;450;0
1317;f;2007;M;t;0;0
1318;f;1994;M;t;52000;0
1319;f;2012;U;t;3000;0
1320;f;2013;F;t;0;0
1321;t;2013;M;t;200;0
1322;f;2005;M;t;-5500;0
1323;f;2005;F;t;3875;0
1324;f;2006;M;t;-250;0
1325;t;2007;M;t;200;0
1326;f;2008;M;t;3200;0
1327;f;1991;U;t;0;0
1328;f;2009;M;t;50;0
1329;f;2010;U;t;14150;0
1330;t;2014;F;t;150;0
1331;f;1987;M;t;0;0
1332;f;2003;M;t;-1575;0
1333;t;2014;M;t;6900;0
1334;f;2006;M;t;-5550;0
1335;t;2016;M;f;4050;0
1336;f;2005;M;t;1450;0
1337;t;2012;M;t;450;0
1338;f;0;U;t;0;0
1339;f;1998;M;t;0;0
1340;f;1991;M;t;0;0
1341;f;1985;U;t;0;0
1342;f;1994;M;t;0;0
1343;f;2001;M;t;525;0
1344;f;2002;U;t;5050;0
1345;f;1999;M;t;0;0
1346;f;1995;M;t;125;0
1347;t;1983;M;t;50750;0
1348;f;1978;M;t;0;0
1349;t;2013;M;t;350;0
1350;f;2010;M;t;800;0
1351;t;2013;M;t;14000;0
1352;f;1989;M;t;0;0
1353;f;2001;M;t;0;0
1354;f;2001;M;t;-25;0
1355;f;2002;M;t;2975;0
1356;t;2005;U;t;1375;0
1357;t;2015;M;t;600;0
1358;f;2003;U;t;675;0
1359;t;2012;F;t;0;0
1360;f;2002;M;t;0;0
1361;f;1996;M;t;50;0
1362;f;2004;M;t;-4225;0
1363;f;2003;M;t;3600;0
1364;f;1999;M;t;4925;0
1365;f;2004;M;t;50;0
1366;f;2011;F;t;150;0
1367;t;2015;M;t;200;0
1368;f;1995;M;t;5850;0
1369;f;1989;U;t;0;0
1370;t;2010;M;t;22450;0
1371;t;2013;M;t;5250;0
1372;f;1992;M;t;0;0
1373;f;1999;M;t;525;0
1374;f;1987;M;t;0;0
1375;f;2007;U;t;1050;0
1376;f;0;U;t;0;0
1377;f;1982;M;t;0;0
1378;f;2015;M;t;200;0
1379;t;14;M;t;700;0
1380;f;2012;M;t;200;0
1381;f;1989;M;t;0;0
1382;t;2005;U;t;11050;0
1383;f;1990;M;t;0;0
1384;f;2008;M;t;1050;0
1385;f;2006;F;t;0;0
1386;t;2013;M;t;200;0
1387;f;2005;M;t;5000;0
1388;f;2001;M;t;0;0
1389;t;2014;M;t;11550;0
1390;f;2004;M;t;-5750;0
1391;t;1996;M;t;325;0
1392;f;1988;M;t;0;0
1393;f;2003;M;t;23055;0
1394;t;1982;M;t;9150;0
1395;f;1991;M;t;0;0
1396;t;2014;M;t;4150;0
1397;f;2000;M;t;-13975;0
1398;t;2009;M;t;0;0
1399;t;2016;M;t;8700;0
1400;t;2009;M;t;15250;0
1401;f;1997;M;t;3350;0
1402;f;1987;U;t;0;0
1403;f;1987;M;t;0;0
1404;f;2003;M;t;0;0
1405;f;1998;M;t;-19525;0
1406;f;1987;M;t;0;0
1407;f;1995;M;t;0;0
1408;f;1992;M;t;2300;0
1409;f;0;U;t;0;0
1410;f;1989;U;t;0;0
1411;f;1996;U;t;100;0
1412;f;1982;U;t;0;0
1413;t;1990;M;t;900;0
1414;f;2009;M;t;800;0
1415;f;1994;M;t;0;0
1416;f;2002;M;t;100;0
1417;t;2011;M;t;6350;0
1418;t;2015;M;t;11150;0
1419;f;1981;M;t;0;0
1420;f;2007;M;t;500;0
1421;f;2006;U;t;1500;0
1422;f;2006;M;t;175;0
1423;t;2012;M;t;0;0
1424;f;2002;M;t;0;0
1425;f;1998;M;t;7425;0
1426;t;2015;F;t;7150;0
1427;f;2005;M;t;-5350;0
1428;t;2014;M;t;5750;0
1429;f;2001;M;t;19025;0
1430;f;2011;M;t;0;0
1431;f;1997;U;t;2325;0
1432;f;1994;M;t;0;0
1433;f;1978;M;t;0;0
1434;f;2004;M;t;688;0
1435;f;2003;M;t;-5025;0
1436;f;2006;M;t;550;0
1437;t;2014;M;t;3300;0
1438;f;2004;U;t;1650;0
1439;f;2004;M;t;-5200;0
1440;f;1998;M;t;0;0
1441;f;1992;M;t;0;0
1442;f;1985;M;t;0;0
1443;t;2013;M;t;8050;0
1444;f;2006;U;t;500;0
1445;f;1988;M;t;0;0
1446;t;2000;M;t;0;0
1447;f;2005;M;t;2450;0
1448;t;2015;M;t;12400;0
1449;f;2009;M;t;150;0
1450;t;2010;U;t;23200;0
1451;f;1993;M;t;0;0
1452;t;2002;M;t;20000;0
1453;f;1994;U;t;0;0
1454;f;1991;U;t;0;0
1455;f;1975;U;t;0;0
1456;t;2012;F;t;2300;0
1457;f;2006;M;t;150;0
1458;f;2001;M;t;5675;0
1459;t;2016;M;t;7150;0
1460;t;2006;U;t;6015;0
1461;f;1997;M;t;-8125;0
1462;t;2013;M;t;700;0
1463;f;1993;M;t;0;0
1464;f;2005;M;t;-1575;0
1465;f;2007;U;t;0;0
1466;f;2006;M;t;9000;0
1467;t;2014;M;t;7450;0
1468;f;1994;M;t;4050;0
1469;f;1987;M;t;0;0
1470;t;2009;M;t;0;0
1471;f;2003;U;t;2825;0
1472;f;1982;U;t;0;0
1473;f;2006;F;t;0;0
1474;f;1986;U;t;0;0
1475;t;1983;M;t;0;0
1476;t;2014;M;t;2000;0
1477;f;2011;M;t;400;0
1478;f;2000;M;t;5646;0
1479;f;2000;M;t;4150;0
1480;f;2001;M;t;-200;0
1481;f;1988;M;t;0;0
1482;t;2016;M;t;0;0
1483;t;2004;M;t;450;0
1484;f;2003;U;t;-2350;0
1485;f;2012;M;t;50;0
1486;f;1992;M;t;0;0
1487;t;2014;M;f;9550;0
1488;f;1994;M;t;-17725;0
1489;f;1999;U;t;0;0
1490;f;2006;M;t;15600;0
1491;f;1998;M;t;2725;0
1492;f;2009;U;t;600;0
1493;f;2003;M;t;0;0
1494;t;2013;F;t;12750;0
1495;f;1992;M;t;0;0
1496;f;2008;U;t;200;0
1497;f;2009;M;t;400;0
1498;f;1996;M;t;0;0
1499;f;2012;M;t;900;0
1500;f;2003;M;t;-2000;0
1501;t;2000;U;t;4950;0
1502;t;2011;M;t;50;0
1503;t;2015;M;t;200;0
1504;f;1989;M;t;0;0
1505;t;2013;M;t;47050;0
1506;f;2002;M;t;9750;0
1507;t;2010;F;t;0;0
1508;f;1995;M;t;0;0
1509;f;2005;M;t;325;0
1510;f;2003;M;t;100;0
1511;f;1993;M;t;0;0
1512;f;2005;U;t;0;0
1513;f;1983;M;t;0;0
1514;f;2014;M;t;0;0
1515;f;2005;M;t;2725;0
1516;t;2012;M;t;50;0
1517;f;2009;U;t;500;0
1518;f;2012;M;t;250;0
1519;t;2012;M;t;1050;0
1520;t;2014;M;t;250;0
1521;f;2011;F;t;5000;0
1522;t;2014;M;t;6550;0
1523;f;2006;U;t;-200;0
1524;f;1994;M;t;-5975;0
1525;f;1991;M;t;0;0
1526;f;1986;M;t;0;0
1527;f;2003;M;t;300;0
1528;f;2003;M;t;-5275;0
1529;t;2016;M;t;15800;0
1530;t;2006;M;t;150;0
1531;f;1991;M;t;0;0
1532;f;1991;U;t;0;0
1533;f;1999;M;t;14325;0
1534;f;1995;M;t;-18450;0
1535;f;1991;F;t;0;0
1536;f;1997;M;t;-15200;0
1537;f;1986;U;t;0;0
1538;f;1992;M;t;0;0
1539;f;1987;M;t;0;0
1540;t;2014;M;t;11750;0
1541;t;2009;M;t;500;0
1542;f;1989;M;t;0;0
1543;f;1999;M;t;25;0
1544;t;2003;U;t;0;0
1545;f;1987;U;t;0;0
1546;f;2012;M;t;0;0
1547;f;1984;M;t;0;0
1548;f;2005;M;t;-975;0
1549;f;1979;M;t;0;0
1550;t;2010;M;t;4500;0
1551;t;2009;M;t;400;0
1552;f;1983;F;t;0;0
1553;t;2016;F;t;0;0
1554;f;2005;M;t;225;0
1555;t;2013;F;t;2900;0
1556;f;1994;M;t;1450;0
1557;f;1989;M;t;-775;0
1558;f;2001;M;t;0;0
1559;f;1997;U;t;0;0
1560;f;1997;M;t;0;0
1561;t;1997;M;t;600;0
1562;f;2004;U;t;3725;0
1563;t;2009;M;t;6050;0
1564;t;2016;M;t;5150;0
1565;t;2016;F;t;4250;0
1566;t;2014;M;t;0;0
1567;f;1992;U;t;0;0
1568;t;2015;M;t;350;0
1569;f;1999;M;t;-17275;0
1570;f;2006;M;t;5475;0
1571;t;2013;M;t;600;0
1572;f;1985;M;t;0;0
1573;t;2014;M;t;0;0
1574;f;1999;U;t;0;0
1575;t;2008;M;t;10300;0
1576;f;2007;M;t;450;0
1577;t;2015;M;t;12800;0
1578;f;2010;M;t;8450;0
1579;f;1997;M;t;-23875;0
1580;f;1997;M;t;0;0
1581;f;2002;M;t;-3250;0
1582;t;2014;M;f;3600;0
1583;f;1982;F;t;0;0
1584;f;1992;U;t;0;0
1585;f;2002;U;t;125;0
1586;f;1995;M;t;-52600;0
1587;f;2012;M;t;750;0
1588;t;2014;U;t;0;0
1589;f;2015;M;t;2550;0
1590;f;1985;M;t;0;0
1591;f;1981;U;t;0;0
1592;t;2013;M;t;0;0
1593;f;1997;M;t;0;0
1594;f;0;M;t;0;0
1595;f;1989;M;t;-3825;0
1596;f;2003;M;t;0;0
1597;t;2011;M;t;6000;0
1598;f;2014;M;t;5550;0
1599;f;1986;M;t;0;0
1600;f;2004;M;t;2125;0
1601;f;2012;M;t;0;0
1602;f;1996;M;t;-16825;0
1603;f;1984;M;t;0;0
1604;t;2009;U;t;200;0
1605;f;1999;M;t;0;0
1606;t;2015;M;t;100;0
1607;t;2017;M;t;2100;0
1608;t;2013;F;t;350;0
1609;f;2004;M;t;175;0
1610;f;2001;F;t;50;0
1611;t;1984;U;t;0;0
1612;f;1984;U;t;0;0
1613;f;2009;U;t;-15500;0
1614;f;2005;M;t;-10250;0
1615;f;1992;M;t;10400;0
1616;t;2011;M;t;250;0
1617;f;1978;U;t;0;0
1618;f;1996;M;t;0;0
1619;f;1975;M;t;0;0
1620;f;2013;M;t;0;0
1621;f;2002;M;t;0;0
1622;f;2005;M;t;850;0
1623;f;1999;M;t;0;0
1624;f;2009;F;t;0;0
1625;t;2016;F;t;2800;0
1626;f;2003;M;t;1800;0
1627;t;2009;U;f;4000;0
1628;f;2007;M;t;2350;0
1629;t;2015;M;t;100;0
1630;f;1992;M;t;-4125;0
1631;f;2010;M;t;450;0
1632;t;2013;F;t;50;0
1633;f;1986;M;t;0;0
1634;f;1978;M;t;0;0
1635;f;2004;M;t;0;0
1636;f;2004;M;t;19563;0
1637;f;1985;M;t;0;0
1638;t;2013;M;t;200;0
1639;f;1976;U;t;20000;0
1640;f;2004;M;t;0;0
1641;f;1985;M;t;0;0
1642;f;1985;M;t;0;0
1643;f;2004;U;t;0;0
1644;f;1996;M;t;-34400;0
1645;f;2004;M;t;0;0
1646;f;1996;U;t;0;0
1647;f;2008;M;t;50;0
1648;t;1999;M;t;2200;0
1649;t;2005;M;t;225;0
1650;f;1996;M;t;0;0
1651;f;1995;M;t;0;0
1652;f;1994;U;t;0;0
1653;f;2002;U;t;0;0
1654;f;1979;F;t;0;0
1655;f;2002;U;t;-950;0
1656;f;2005;M;t;700;0
1657;f;1985;M;t;0;0
1658;f;2002;U;t;525;0
1659;f;1983;M;t;0;0
1660;t;2014;F;t;0;0
1661;f;1991;U;t;0;0
1662;f;1988;M;t;0;0
1663;f;1999;M;t;10125;0
1664;f;1994;M;t;0;0
1665;t;2015;M;t;4950;0
1666;f;2001;M;t;25;0
1667;f;1995;M;t;0;0
1668;f;2007;M;t;550;0
1669;f;1991;M;t;0;0
1670;f;2012;M;t;0;0
1671;t;2012;M;t;50;0
1672;f;1984;M;t;0;0
1673;f;2003;U;t;-50;0
1674;f;2011;U;t;600;0
1675;f;2006;M;t;-9050;0
1676;f;2012;M;t;150;0
1677;t;2014;F;t;700;0
1678;t;2005;M;t;175;0
1679;f;1992;M;t;0;0
1680;t;1986;M;t;5800;0
1681;f;2002;M;t;150;0
1682;t;2016;M;t;6600;0
1683;f;1981;M;t;4200;0
1684;f;1995;U;t;0;0
1685;f;1994;M;t;-5875;0
1686;f;1995;M;t;0;0
1687;f;2005;M;t;-3025;0
1688;f;1999;U;t;50;0
1689;f;1999;M;t;100;0
1690;t;2016;M;t;3750;0
1691;f;0;U;t;0;0
1692;t;2010;M;t;200;0
1693;f;1994;M;t;-14100;0
1694;t;2011;M;t;50;0
1695;f;1986;M;t;0;0
1696;t;2013;M;t;19300;0
1697;f;1989;M;t;0;0
1698;f;2011;M;t;150;0
1699;f;2004;M;t;0;0
1700;f;2007;M;t;200;0
1701;f;2002;M;t;0;0
1702;f;2008;M;t;1100;0
1703;f;1998;U;t;1375;0
1704;t;2004;M;t;400;0
1705;f;1994;M;t;0;0
1706;f;1995;U;t;0;0
1707;f;1997;M;t;-825;0
1708;t;2016;M;t;12850;0
1709;f;1993;M;t;0;0
1710;f;2003;M;t;-1400;0
1711;f;1988;U;t;-550;0
1712;f;2002;U;t;0;0
1713;f;1986;M;t;0;0
1714;f;2006;M;t;825;0
1715;f;2003;M;t;-2425;0
1716;f;2001;M;t;-2150;0
1717;f;2002;M;t;4250;0
1718;f;0;U;t;0;0
1719;f;2016;F;t;0;0
1720;f;2006;U;t;0;0
1721;f;2008;U;t;0;0
1722;t;2013;M;t;300;0
1723;f;2004;U;t;1925;0
1724;f;1992;M;t;8825;0
1725;t;2013;M;t;11650;0
1726;f;1999;M;t;0;0
1727;f;1999;U;t;0;0
1728;f;1991;U;t;0;0
1729;f;2012;M;t;18800;0
1730;f;1984;M;t;0;0
1731;f;2002;M;t;-925;0
1732;f;1996;M;t;3500;0
1733;t;2013;M;t;1500;0
1734;f;1995;M;t;0;0
1735;f;2011;M;t;16700;0
1736;f;1997;U;t;0;0
1737;f;2014;M;t;10000;0
1738;f;1986;M;t;0;0
1739;f;2011;M;t;0;0
1740;t;2004;M;f;9800;0
1741;f;1982;M;t;0;0
1742;f;1994;M;t;0;0
1743;f;1994;U;t;0;0
1744;f;1992;U;t;0;0
1745;f;1997;U;t;-1100;0
1746;t;2016;M;t;20000;0
1747;f;2005;M;t;1175;0
1748;t;2016;M;t;29150;0
1749;f;1992;M;t;0;0
1750;t;2016;M;t;34350;0
1751;f;2005;M;t;50;0
1752;f;2009;M;t;50;0
1753;f;1994;M;t;0;0
1754;f;1985;M;t;0;0
1755;f;2006;U;t;6225;0
1756;f;2012;M;t;800;0
1757;f;1999;M;t;200;0
1758;t;2014;M;t;31200;0
1759;t;2013;M;t;50;0
1760;f;2015;M;t;0;0
1761;f;2007;M;t;0;0
1762;t;2011;M;t;500;0
1763;f;1999;F;t;0;0
1764;f;1991;M;t;0;0
1765;t;2003;M;t;30300;0
1766;f;1985;F;t;0;0
1767;f;1979;M;t;0;0
1768;t;2014;M;t;8700;0
1769;f;1993;U;t;0;0
1770;f;2000;M;t;1750;0
1771;f;1994;M;t;0;0
1772;f;1993;M;t;0;0
1773;f;2007;U;t;150;0
1774;f;1987;M;t;0;0
1775;t;2003;M;t;15200;0
1776;f;2011;M;t;200;0
1777;f;2008;F;t;750;0
1778;t;2012;M;t;500;0
1779;t;2015;M;t;900;0
1780;t;1999;M;t;3325;0
1781;f;2003;M;t;975;0
1782;t;2016;M;t;9100;0
1783;f;2000;M;t;-16850;0
1784;t;2016;M;t;19350;0
1785;f;2011;M;t;1100;0
1786;f;1981;M;t;0;0
1787;f;1999;M;t;0;0
1788;f;1978;U;t;0;0
1789;f;2003;M;t;7025;0
1790;f;1995;F;t;0;0
1791;t;2005;U;t;25;0
1792;f;2001;M;t;0;0
1793;f;1991;U;t;0;0
1794;t;2014;F;t;16200;0
1795;t;2016;M;t;1600;0
1796;f;2002;M;t;1350;0
1797;f;1999;M;t;2400;0
1798;f;2001;M;t;0;0
1799;f;2007;M;t;100;0
1800;f;1984;M;t;0;0
1801;f;2002;M;t;-1175;0
1802;f;1999;M;t;2600;0
1803;f;2012;M;t;500;0
1804;f;2008;M;t;550;0
1805;f;1993;U;t;0;0
1806;f;2002;M;t;0;0
1807;f;2011;M;t;200;0
1808;f;2006;M;t;0;0
1809;t;2014;M;t;400;0
1810;f;2005;M;t;875;0
1811;f;2006;M;t;7700;0
1812;t;2005;M;t;0;0
1813;f;2000;F;t;0;0
1814;f;1996;M;t;0;0
1815;f;2012;M;t;23551;0
1816;f;2012;M;t;100;0
1817;t;2015;M;f;29050;0
1818;f;1983;M;t;0;0
1819;f;1990;M;t;0;0
1820;f;1998;M;t;-28900;0
1821;f;1997;U;t;0;0
1822;f;2006;U;t;150;0
1823;f;1991;U;t;0;0
1824;f;1990;M;t;0;0
1825;f;1995;M;t;0;0
1826;t;0;U;t;0;0
1827;f;1990;M;t;4275;0
1828;f;2009;M;t;300;0
1829;f;1999;M;t;0;0
1830;f;2012;M;t;50;0
1831;f;2012;M;t;750;0
1832;t;1998;F;t;4600;0
1833;t;2013;F;t;175;0
1834;f;1996;M;t;19850;0
1835;f;1987;U;t;0;0
1836;f;1990;M;t;0;0
1837;f;0;U;t;0;0
1838;f;1994;M;t;0;0
1839;f;1998;M;t;0;0
1840;t;1998;M;t;17675;0
1841;f;1998;M;t;-4750;0
1842;f;1990;M;t;0;0
1843;t;2014;M;t;21900;0
1844;f;1990;M;t;0;0
1845;f;1997;M;t;4700;0
1846;f;2002;M;t;-3675;0
1847;f;2003;U;t;-350;0
1848;t;2012;M;t;0;0
1849;f;2011;U;t;6700;0
1850;f;2012;M;t;0;0
1851;f;1991;M;t;0;0
1852;f;1989;M;t;0;0
1853;f;1998;U;t;-4175;0
1854;t;2014;M;t;5000;0
1855;f;2005;U;t;1200;0
1856;f;2006;M;t;675;0
1857;f;1977;M;t;1250;0
1858;f;2010;M;t;200;0
1859;f;1999;M;t;125;0
1860;t;2014;M;t;13850;0
1861;f;2002;M;t;1100;0
1862;f;2006;M;t;-4525;0
1863;f;1992;M;t;0;0
1864;t;2012;M;t;8850;0
1865;f;1989;M;t;0;0
1866;f;1992;M;t;0;0
1867;f;2001;U;t;50;0
1868;f;1997;U;t;0;0
1869;f;1990;M;t;0;0
1870;f;2005;M;t;450;0
1871;f;1999;M;t;9300;0
1872;f;1987;U;t;0;0
1873;t;2016;M;t;2550;0
1874;f;2004;M;t;0;0
1875;f;2006;U;t;1875;0
1876;f;2001;U;t;4875;0
1877;f;1987;M;t;0;0
1878;t;2012;F;t;3750;0
1879;f;2003;M;t;1150;0
1880;f;1988;M;t;0;0
1881;f;1985;U;t;0;0
1882;f;1992;M;t;0;0
1883;f;2007;U;t;13100;0
1884;f;2001;U;t;925;0
1885;f;1994;M;t;5900;0
1886;t;2013;M;t;0;0
1887;f;1988;M;t;0;0
1888;f;1989;M;t;0;0
1889;f;1990;M;t;0;0
1890;t;2016;F;t;15800;0
1891;t;2004;M;t;0;0
1892;f;1996;M;t;-56075;0
1893;t;2016;M;t;8950;0
1894;f;2011;U;t;200;0
1895;f;1991;M;t;0;0
1896;f;1994;M;t;0;0
1897;f;1991;M;t;0;0
1898;f;1989;U;t;0;0
1899;t;2013;M;t;100;0
1900;t;2016;M;t;17950;0
1901;t;2010;M;t;0;0
1902;f;2003;M;t;-4375;0
1903;f;1985;M;t;0;0
1904;t;2012;M;t;500;0
1905;f;1994;U;t;0;0
1906;t;2006;M;t;1150;0
1907;f;1994;M;t;-2900;0
1908;t;2015;M;t;950;0
1909;t;2012;M;t;0;0
1910;f;1996;M;t;3300;0
1911;f;2002;U;t;625;0
1912;t;2010;M;t;7750;0
1913;f;2009;M;t;0;0
1914;f;1999;M;t;-4200;0
1915;f;1984;M;t;0;0
1916;f;2013;M;t;36650;0
1917;f;1992;M;t;0;0
1918;f;1991;M;t;0;0
1919;f;2012;F;t;500;0
1920;f;2001;M;t;350;0
1921;f;1993;M;t;-20400;0
1922;f;2008;U;t;2800;0
1923;f;1995;M;t;0;0
1924;f;2002;U;t;-300;0
1925;f;2014;M;t;3050;0
1926;f;1993;M;t;-13200;0
1927;f;1990;M;t;0;0
1928;t;2014;M;t;100;0
1929;t;2011;U;t;7050;0
1930;t;2015;M;t;31500;0
1931;f;2007;M;t;3200;0
1932;f;1998;U;t;0;0
1933;f;2003;M;t;0;0
1934;f;1999;U;t;0;0
1935;f;2002;M;t;0;0
1936;f;1999;U;t;0;0
1937;f;1997;M;t;150;0
1938;t;2012;M;t;0;0
1939;f;1998;U;t;0;0
1940;f;2015;M;t;5250;0
1941;f;2000;M;t;4225;0
1942;f;2002;U;t;1025;0
1943;f;2004;M;t;6500;0
1944;f;1985;M;t;1450;0
1945;t;2011;M;f;10000;0
1946;t;2016;M;t;150;0
1947;f;2002;U;t;1800;0
1948;t;2013;F;t;100;0
1949;f;1999;M;t;-1600;0
1950;f;2011;M;t;0;0
1951;t;2015;M;t;14750;0
1952;f;2002;M;t;-1425;0
1953;f;2001;M;t;-8100;0
1954;f;1992;U;t;0;0
1955;f;2003;U;t;-375;0
1956;f;1990;M;t;0;0
1957;f;2012;F;t;6650;0
1958;f;1998;U;t;0;0
1959;f;1999;M;t;875;0
1960;t;2010;M;f;10400;0
1961;t;2012;M;t;600;0
1962;f;1997;M;t;-24600;0
1963;f;2003;U;t;-400;0
1964;f;1997;U;t;4950;0
1965;f;1988;M;t;-28000;0
1966;f;2002;M;t;-5050;0
1967;f;1985;M;t;0;0
1968;f;2001;M;t;300;0
1969;t;2015;M;t;10700;0
1970;f;2010;M;t;14200;0
1971;f;2000;M;t;-1275;0
1972;t;2014;M;t;600;0
1973;f;2004;M;t;225;0
1974;t;2014;M;t;27850;0
1975;t;2011;M;t;19850;0
1976;f;1991;F;t;0;0
1977;f;1987;M;t;0;0
1978;f;2004;M;t;75;0
1979;f;1999;M;t;400;0
1980;f;1995;M;t;-31450;0
1981;t;2010;M;f;150;0
1982;f;1990;M;t;0;0
1983;f;1998;M;t;0;0
1984;f;1996;U;t;0;0
1985;f;2006;M;t;0;0
1986;f;1984;M;t;0;0
1987;f;2002;M;t;325;0
1988;f;2004;U;t;-5450;0
1989;f;1990;U;t;1600;0
1990;f;2001;M;t;575;0
1991;f;1996;M;t;0;0
1992;f;1994;M;t;0;0
1993;f;2003;U;t;3600;0
1994;f;2014;M;t;150;0
1995;t;2016;M;t;10000;0
1996;f;1975;U;t;0;0
1997;t;2017;M;t;6250;0
1998;f;1991;U;t;1600;0
1999;f;2012;M;t;300;0
2000;f;2002;M;t;2550;0
2001;t;2016;M;t;19200;0
2002;f;2003;U;t;0;0
2003;t;2013;M;t;350;0
2004;f;1979;M;t;5275;0
2005;f;1991;M;t;0;0
2006;f;2001;M;t;375;0
2007;f;1999;M;t;12150;0
2008;f;1985;U;t;0;0
2009;f;2011;M;t;800;0
2010;f;1994;U;t;1225;0
2011;f;1993;M;t;0;0
2012;t;2013;M;t;0;0
2013;f;1985;F;t;0;0
2014;t;2003;U;t;9500;0
2015;f;1985;M;t;0;0
2016;f;1993;M;t;0;0
2017;f;1997;M;t;-26975;0
2018;f;2007;M;t;150;0
2019;t;2010;U;t;300;0
2020;f;2013;M;t;250;0
2021;t;2015;M;t;29250;0
2022;t;2014;M;t;1750;0
2023;t;2012;M;t;100;0
2024;t;2016;M;t;2050;0
2025;f;2004;M;t;-4075;0
2026;f;1991;M;t;0;0
2027;f;1999;U;t;0;0
2028;f;2009;F;t;200;0
2029;f;1983;U;t;0;0
2030;t;2014;M;t;31800;0
2031;t;1984;M;t;12875;0
2032;f;2010;F;t;200;0
2033;f;1988;U;t;0;0
2034;t;2014;M;t;50;0
2035;f;2006;M;t;125;0
2036;f;1990;U;t;0;0
2037;f;0;U;t;0;0
2038;f;2003;F;t;-5650;0
2039;f;2000;M;t;2325;0
2040;t;2015;M;t;7100;0
2041;f;2011;U;t;10000;0
2042;t;2015;M;t;4050;0
2043;f;1999;M;t;-2300;0
2044;f;2004;M;t;1625;0
2045;f;2002;M;t;10325;0
2046;f;2000;M;t;-1000;0
2047;f;1995;M;t;1600;0
2048;t;2015;F;t;3300;0
2049;t;2011;M;f;0;0
2050;f;2000;M;t;-550;0
2051;f;1982;M;t;0;0
2052;f;1997;M;t;0;0
2053;f;2002;M;t;2400;0
2054;f;2009;U;t;600;0
2055;t;2012;M;t;750;0
2056;f;1990;M;t;0;0
2057;f;1997;M;t;0;0
2058;t;2013;M;t;10000;0
2059;f;2001;M;t;0;0
2060;t;2010;U;t;8300;0
2061;f;2013;M;t;4700;0
2062;f;2012;M;t;100;0
2063;f;1991;M;t;0;0
2064;f;2000;U;t;-6025;0
2065;f;1997;U;t;-15650;0
2066;f;1987;M;t;0;0
2067;f;2004;M;t;-1750;0
2068;f;1985;U;t;0;0
2069;f;2004;M;t;-1475;0
2070;f;0;M;t;-25300;0
2071;f;1999;M;t;3150;0
2072;f;2014;M;t;400;0
2073;t;2014;M;t;1250;0
2074;f;1979;F;t;0;0
2075;t;1998;U;t;975;0
2076;f;2008;M;t;5500;0
2077;f;1994;M;t;0;0
2078;f;2005;U;t;2050;0
2079;f;2004;M;t;150;0
2080;t;1996;M;t;5625;0
2081;f;2001;U;t;1650;0
2082;f;1995;M;t;12500;0
2083;f;1995;M;t;0;0
2084;f;2011;M;t;0;0
2085;f;1995;U;t;0;0
2086;t;2004;U;t;2650;0
2087;f;1989;U;t;0;0
2088;t;2013;M;t;2800;0
2089;t;2014;M;f;2900;0
2090;f;1996;M;t;500;0
2091;t;2011;U;t;400;0
2092;f;2006;M;t;8350;0
2093;t;2016;M;t;21500;0
2094;f;2002;M;t;725;0
2095;f;2004;M;t;9475;0
2096;t;2008;M;t;0;0
2097;f;1995;M;t;-21900;0
2098;f;2005;M;t;0;0
2099;f;2000;M;t;100;0
2100;f;1984;M;t;0;0
2101;f;1998;U;t;0;0
2102;f;1999;M;t;1050;0
2103;f;1981;M;t;0;0
2104;f;1999;M;t;0;0
2105;f;0;U;t;0;0
2106;f;1993;M;t;0;0
2107;t;2016;M;t;0;0
2108;f;1989;M;t;0;0
2109;f;2012;M;t;400;0
2110;f;1999;M;t;4650;0
2111;f;0;U;t;0;0
2112;f;2002;M;t;100;0
2113;t;2015;M;t;15350;0
2114;f;2013;M;t;1750;0
2115;f;1984;U;t;0;0
2116;f;0;M;t;0;0
2117;t;2011;M;t;100;0
2118;f;1989;M;t;-11900;0
2119;f;1984;M;t;0;0
2120;f;1998;M;t;0;0
2121;t;2003;M;t;9425;0
2122;f;1990;M;t;0;0
2123;t;2014;M;t;18000;0
2124;f;2005;M;t;625;0
2125;f;2006;M;t;0;0
2126;f;2011;M;t;100;0
2127;t;2015;M;t;12950;0
2128;f;2004;M;t;299;0
2129;f;1986;M;t;0;0
2130;f;2001;U;t;100;0
2131;f;1986;M;t;0;0
2132;t;2006;M;t;22700;0
2133;f;1994;M;t;0;0
2134;t;2010;M;t;50;0
2135;f;2014;M;t;0;0
2136;t;2014;M;t;2400;0
2137;f;2001;M;t;175;0
2138;t;2011;M;t;3150;0
2139;t;2016;M;t;0;0
2140;f;0;U;t;0;0
2141;f;0;F;t;0;0
2142;t;2014;M;t;250;0
2143;f;2012;M;t;50;0
2144;f;2012;M;t;1100;0
2145;f;1988;M;t;0;0
2146;f;1999;M;t;0;0
2147;f;2010;U;t;8150;0
2148;f;2003;U;t;2375;0
2149;t;2010;M;t;18050;0
2150;f;1992;M;t;0;0
2151;f;1984;M;t;0;0
2152;t;2016;M;t;2550;0
2153;f;1982;U;t;0;0
2154;f;1991;M;t;-146200;0
2155;f;2004;M;t;7425;0
2156;t;2004;M;t;1450;0
2157;f;2009;U;t;2800;0
2158;f;1984;U;t;0;0
2159;f;2007;M;t;1000;0
2160;t;2006;M;t;6000;0
2161;f;2012;F;t;20000;0
2162;f;2006;M;t;0;0
2163;f;1991;M;t;0;0
2164;t;2015;M;t;10300;0
2165;t;2016;M;t;4950;0
2166;t;1984;M;t;50;0
2167;f;1999;U;t;0;0
2168;f;1990;U;t;0;0
2169;t;2014;M;t;31350;0
2170;f;1995;U;t;0;0
2171;f;1999;U;t;-1525;0
2172;f;1990;M;t;0;0
2173;f;1995;M;t;0;0
2174;t;2004;M;t;0;0
2175;f;2001;M;t;-3650;0
2176;f;1999;M;t;-10375;0
2177;f;1976;F;t;0;0
2178;t;2008;M;t;2300;0
2179;f;2014;M;t;200;0
2180;f;2010;U;t;600;0
2181;f;1984;U;t;0;0
2182;f;1986;M;t;0;0
2183;t;2013;M;t;600;0
2184;f;2003;M;t;-925;0
2185;f;2003;U;t;0;0
2186;f;2006;M;t;450;0
2187;f;1987;U;t;200;0
2188;f;2007;M;t;400;0
2189;f;2011;U;t;250;0
2190;f;1999;M;t;-1600;0
2191;t;2013;M;t;17450;0
2192;f;2008;U;t;7450;0
2193;t;2014;M;t;950;0
2194;f;1997;M;t;0;0
2195;f;2002;M;t;-5800;0
2196;t;2008;M;t;400;0
2197;t;2009;M;t;0;0
2198;f;2005;M;t;0;0
2199;t;2010;U;t;0;0
2200;f;2011;F;t;450;0
2201;f;1999;U;t;0;0
2202;t;2013;M;t;0;0
2203;t;2009;F;t;750;0
2204;f;2012;M;t;0;0
2205;t;2015;M;t;250;0
2206;t;2009;M;t;14900;0
2207;t;1997;M;t;3950;0
2208;f;1998;U;t;0;0
2209;f;1984;U;t;0;0
2210;f;2002;M;t;-4475;0
2211;f;2003;M;t;49125;0
2212;f;2000;M;t;225;0
2213;f;1994;U;t;10475;0
2214;f;1991;U;t;0;0
2215;f;1993;M;t;0;0
2216;f;2006;M;t;167;0
2217;f;1996;F;t;0;0
2218;f;2011;U;t;1300;0
2219;f;1988;M;t;0;0
2220;t;2015;M;t;3750;0
2221;t;2015;M;t;200;0
2222;f;2011;U;t;5000;0
2223;f;1996;M;t;0;0
2224;f;2007;M;t;750;0
2225;f;1985;U;t;0;0
2226;f;1986;M;t;0;0
2227;f;1997;M;t;6625;0
2228;f;1986;M;t;0;0
2229;f;1987;M;t;0;0
2230;t;2013;M;t;850;0
2231;f;1992;M;t;-14100;0
2232;f;1985;M;t;0;0
2233;t;2010;M;t;5750;0
2234;f;2001;U;t;2025;0
2235;t;2013;M;t;650;0
2236;f;2002;M;t;450;0
2237;f;1999;M;t;725;0
2238;f;2013;M;t;150;0
2239;f;1994;M;t;0;0
2240;t;2014;F;t;0;0
2241;f;1985;M;t;0;0
2242;f;2004;U;t;-400;0
2243;f;2005;M;t;50;0
2244;f;1991;M;t;0;0
2245;f;2002;M;t;925;0
2246;f;1988;U;t;0;0
2247;f;1984;M;t;0;0
2248;t;2009;M;t;100;0
2249;t;2008;M;t;63;0
2250;t;2014;M;t;100;0
2251;f;1996;U;t;0;0
2252;f;2003;M;t;100;0
2253;f;2011;U;t;150;0
2254;f;1997;M;t;0;0
2255;f;1985;M;t;0;0
2256;t;2011;M;t;1050;0
2257;f;1988;U;t;0;0
2258;t;2013;M;t;5550;0
2259;f;1985;M;t;0;0
2260;f;1999;F;t;0;0
2261;f;1976;U;t;0;0
2262;t;2010;M;t;750;0
2263;f;2012;M;t;500;0
2264;t;2014;M;t;50;0
2265;t;2016;F;t;8850;0
2266;t;2013;M;t;14050;0
2267;f;2010;U;t;600;0
2268;f;1996;M;t;-4200;0
2269;t;2014;F;t;450;0
2270;f;2012;M;t;600;0
2271;t;2015;M;t;20700;0
2272;t;2008;M;t;650;0
2273;t;1988;M;t;23350;0
2274;f;1985;M;t;0;0
2275;f;1990;M;t;0;0
2276;f;1991;M;t;-900;0
2277;f;2006;M;t;-1200;0
2278;f;2007;M;t;0;0
2279;f;0;M;t;0;0
2280;f;1997;M;t;-10050;0
2281;f;2002;M;t;175;0
2282;t;1977;M;t;17825;0
2283;f;1998;M;t;-125;0
2284;t;1988;M;t;0;0
2285;f;2003;M;t;3950;0
2286;f;2003;M;t;20875;0
2287;f;1999;M;t;-16300;0
2288;f;2004;U;t;-475;0
2289;f;1984;M;t;0;0
2290;f;1986;U;t;0;0
2291;f;2001;M;t;-5025;0
2292;f;2007;M;t;375;0
2293;f;2002;M;t;0;0
2294;f;1987;M;t;0;0
2295;f;1985;M;t;0;0
2296;f;2004;U;t;400;0
2297;f;1998;M;t;-3125;0
2298;t;2015;M;t;12650;0
2299;f;1996;U;t;0;0
2300;f;1991;M;t;0;0
2301;f;2008;M;t;0;0
2302;t;2013;M;t;4800;0
2303;f;2001;M;t;-925;0
2304;t;2003;M;t;0;0
2305;f;1993;M;t;0;0
2306;f;2003;M;t;-1200;0
2307;f;2005;M;t;900;0
2308;f;1985;M;t;0;0
2309;f;1995;M;t;0;0
2310;f;1999;M;t;18200;0
2311;f;1987;U;t;0;0
2312;f;1999;M;t;650;0
2313;f;1991;M;t;0;0
2314;t;2014;M;t;1000;0
2315;f;1990;M;t;0;0
2316;f;1988;M;t;0;0
2317;f;2007;M;t;175;0
2318;t;2013;M;t;200;0
2319;f;1982;U;t;0;0
2320;f;2001;U;t;21075;0
2321;f;1999;U;t;450;0
2322;f;2002;F;t;3500;0
2323;t;1998;U;t;550;0
2324;f;1997;M;t;0;0
2325;f;1975;M;t;0;0
2326;f;1986;M;t;0;0
2327;f;2014;M;t;200;0
2328;f;1999;M;t;225;0
2329;f;1999;M;t;0;0
2330;f;1999;U;t;25;0
2331;f;2003;M;t;-5750;0
2332;t;2010;U;t;50;0
2333;f;2013;F;t;2000;0
2334;t;1983;M;t;8525;0
2335;t;2012;M;t;250;0
2336;f;2003;M;t;0;0
2337;f;1987;M;t;0;0
2338;t;2014;F;t;150;0
2339;t;2014;M;t;550;0
2340;f;2000;U;t;-75;0
2341;f;2009;M;f;500;0
2342;t;2013;M;t;150;0
2343;t;2013;M;t;300;0
2344;f;1990;M;t;0;0
2345;f;1990;M;t;0;0
2346;t;2014;M;t;2450;0
2347;f;1998;M;t;-15975;0
2348;f;2007;M;t;50;0
2349;f;1999;U;t;-13879;0
2350;t;2014;M;t;5800;0
2351;f;1994;U;t;0;0
2352;t;2014;M;t;200;0
2353;f;2001;U;t;2075;0
2354;f;2001;M;t;0;0
2355;t;2008;M;t;16500;0
2356;f;1993;M;t;-34600;0
2357;f;2014;M;t;0;0
2358;t;2015;M;t;100;0
2359;f;2005;M;t;195;0
2360;t;2014;M;t;5350;0
2361;f;2002;M;t;8300;0
2362;f;1997;M;t;0;0
2363;f;1998;M;t;875;0
2364;f;2002;M;t;-4250;0
2365;f;1988;M;t;0;0
2366;f;2001;M;t;-1450;0
2367;t;2013;M;t;300;0
2368;f;2000;U;t;6275;0
2369;f;1990;M;t;0;0
2370;f;2010;M;t;200;0
2371;t;2015;M;t;250;0
2372;f;1997;M;t;0;0
2373;t;2014;M;t;1700;0
2374;f;1997;M;t;0;0
2375;f;2001;M;t;450;0
2376;t;2017;M;t;13350;0
2377;f;1998;M;t;-22200;0
2378;f;2013;M;t;300;0
2379;t;2012;M;t;300;0
2380;t;2014;M;t;150;0
2381;f;2010;M;t;9350;0
2382;t;2011;M;t;0;0
2383;f;2012;M;t;0;0
2384;f;1988;M;t;0;0
2385;f;1992;M;t;-3500;0
2386;f;2001;M;t;425;0
2387;f;1998;M;t;-3400;0
2388;f;1985;M;t;0;0
2389;f;1986;M;t;0;0
2390;t;2008;M;t;8100;0
2391;t;2015;M;t;7000;0
2392;f;1988;U;t;0;0
2393;f;2007;U;t;100;0
2394;f;2004;M;t;-32350;0
2395;t;2013;M;t;250;0
2396;f;1997;U;t;0;0
2397;f;1995;M;t;0;0
2398;f;2002;M;t;-1825;0
2399;f;1987;M;t;0;0
2400;f;2004;M;t;2100;0
2401;f;2004;M;t;800;0
2402;f;2006;F;t;0;0
2403;f;2011;U;t;9550;0
2404;f;1980;M;t;0;0
2405;t;2003;U;t;0;0
2406;t;2009;M;t;-9650;0
2407;f;2005;M;t;175;0
2408;f;2005;M;t;125;0
2409;f;2004;M;t;-2775;0
2410;t;2004;M;t;9000;0
2411;t;2014;M;t;100;0
2412;t;2015;M;t;3600;0
2413;f;1992;M;t;0;0
2414;f;1987;U;t;0;0
2415;f;2002;M;t;0;0
2416;f;1994;M;t;2150;0
2417;f;2002;U;t;-700;0
2418;f;2006;F;t;13300;0
2419;f;0;U;t;750;0
2420;f;1993;M;t;-33625;0
2421;t;2015;M;t;6650;0
2422;f;1996;M;t;0;0
2423;f;2001;U;t;0;0
2424;t;2015;M;t;400;0
2425;f;2005;F;t;475;0
2426;f;1984;M;t;0;0
2427;f;1984;M;t;0;0
2428;f;0;M;t;3175;0
2429;f;2003;M;t;1000;0
2430;t;2014;M;t;50;0
2431;f;1996;M;t;0;0
2432;f;1995;U;t;0;0
2433;f;2003;M;t;0;0
2434;f;1990;M;t;0;0
2435;f;1995;U;t;-30825;0
2436;f;1998;M;t;0;0
2437;f;1995;M;t;-13400;0
2438;f;2004;M;t;-100;0
2439;f;2001;M;t;-75;0
2440;f;2000;F;t;150;0
2441;f;2005;M;t;-4150;0
2442;t;2015;M;t;7350;0
2443;t;1990;M;t;15025;0
2444;f;2003;U;t;250;0
2445;t;2012;M;t;200;0
2446;f;1997;U;t;250;0
2447;f;2000;M;t;3025;0
2448;f;2001;M;t;1675;0
2449;t;2010;M;t;15050;0
2450;f;1987;U;t;0;0
2451;f;2005;M;t;0;0
2452;f;1988;M;t;0;0
2453;f;2001;M;t;-1550;0
2454;f;2005;U;t;0;0
2455;f;1996;M;t;0;0
2456;f;2007;M;t;200;0
2457;f;2008;M;t;100;0
2458;f;2003;U;t;-600;0
2459;t;2016;M;t;31250;0
2460;f;2003;M;t;250;0
2461;f;1994;M;t;-43500;0
2462;f;1982;M;t;0;0
2463;f;1989;M;t;0;0
2464;f;1981;M;t;0;0
2465;f;2009;M;t;19900;0
2466;f;2003;U;t;-275;0
2467;f;1989;M;t;0;0
2468;f;2005;M;t;-2950;0
2469;f;1997;M;t;0;0
2470;f;1993;M;t;0;0
2471;f;2012;M;t;9950;0
2472;f;2004;M;t;30513;0
2473;t;2014;M;t;300;0
2474;f;1975;M;t;0;0
2475;f;2002;M;t;700;0
2476;t;2009;M;t;-15000;0
2477;f;1997;U;t;0;0
2478;f;1985;M;t;0;0
2479;f;1989;M;t;0;0
2480;f;1998;M;t;0;0
2481;f;0;M;t;2125;0
2482;f;2003;M;t;1075;0
2483;f;1982;M;t;0;0
2484;t;2006;M;t;5243;0
2485;t;2016;M;t;9300;0
2486;f;2001;U;t;-500;0
2487;t;2012;M;t;8150;0
2488;f;1990;U;t;2875;0
2489;f;2014;M;t;0;0
2490;f;1991;M;t;0;0
2491;t;2014;M;t;2200;0
2492;t;1998;M;f;4550;0
2493;f;1990;M;t;0;0
2494;f;0;M;t;-15650;0
2495;f;2009;M;t;450;0
2496;t;2013;F;t;43200;0
2497;f;1997;U;t;0;0
2498;t;2013;M;t;500;0
2499;t;2016;M;t;8000;0
2500;f;1993;M;t;0;0
2501;f;2001;M;t;-5350;0
2502;f;1985;M;t;0;0
2503;f;2002;U;t;0;0
2504;t;2013;M;t;0;0
2505;f;1984;F;t;0;0
2506;f;1998;M;t;0;0
2507;f;2009;M;t;1150;0
2508;f;2012;M;t;0;0
2509;t;2016;M;t;10050;0
2510;f;2002;M;t;-3700;0
2511;f;1991;M;t;0;0
2512;t;2004;M;t;3775;0
2513;f;2006;M;t;1250;0
2514;f;2012;M;t;0;0
2515;f;1989;M;t;0;0
2516;f;1988;M;t;0;0
2517;f;1992;F;t;-4300;0
2518;t;2015;M;t;250;0
2519;f;1991;M;t;0;0
2520;f;2005;U;t;0;0
2521;t;2012;M;f;100;0
2522;t;2015;M;t;5100;0
2523;f;2002;M;t;650;0
2524;f;1989;M;t;0;0
2525;f;1999;M;t;-3525;0
2526;f;2004;M;t;2125;0
2527;f;2002;M;t;150;0
2528;t;2016;M;t;4200;0
2529;f;1995;M;t;0;0
2530;f;2000;M;t;4000;0
2531;t;1977;U;t;3575;0
2532;f;1996;M;t;0;0
2533;f;2002;M;t;-825;0
2534;f;1994;M;t;300;0
2535;f;2003;M;t;-1350;0
2536;t;2015;F;t;6700;0
2537;f;2011;F;t;450;0
2538;f;1984;U;t;0;0
2539;f;2005;U;t;0;0
2540;f;1984;M;t;0;0
2541;f;2010;M;t;5050;0
2542;f;1991;M;t;0;0
2543;t;2015;M;t;6850;0
2544;f;1999;M;t;1675;0
2545;f;1986;M;t;0;0
2546;f;2002;U;t;575;0
2547;f;1984;M;t;0;0
2548;f;1994;U;t;0;0
2549;f;2009;M;t;0;0
2550;f;2003;M;t;550;0
2551;t;2015;M;t;1050;0
2552;f;2010;M;t;0;0
2553;f;0;U;t;0;0
2554;f;2002;M;t;-1500;0
2555;f;1983;F;t;0;0
2556;t;2013;M;t;5000;0
2557;f;1997;M;t;13300;0
2558;f;1989;U;t;0;0
2559;f;0;M;t;0;0
2560;f;2008;M;t;600;0
2561;f;2000;M;t;3762;0
2562;t;2014;M;t;5150;0
2563;f;1998;M;t;0;0
2564;f;1991;M;t;20000;0
2565;f;1993;M;t;0;0
2566;f;1991;F;t;0;0
2567;f;1996;U;t;-3100;0
2568;f;2000;M;t;50;0
2569;f;2002;M;t;-75;0
2570;f;1992;M;t;25;0
2571;t;2015;M;t;17950;0
2572;f;1990;U;t;0;0
2573;f;1988;M;t;0;0
2574;t;2015;M;t;50;0
2575;f;2001;U;t;-3150;0
2576;f;2005;M;t;17700;0
2577;t;2016;M;t;950;0
2578;f;2007;U;t;250;0
2579;t;2015;M;t;1450;0
2580;f;1994;M;t;0;0
2581;f;1993;M;t;-20800;0
2582;f;2007;M;t;700;0
2583;f;2003;U;t;825;0
2584;f;0;U;t;0;0
2585;f;2003;M;t;0;0
2586;f;1988;M;t;0;0
2587;f;2007;M;t;900;0
2588;f;2002;M;t;0;0
2589;f;1990;M;t;0;0
2590;f;2009;U;t;0;0
2591;f;2006;U;t;150;0
2592;f;1993;M;t;-22800;0
2593;t;2014;M;t;3650;0
2594;f;2005;M;t;0;0
2595;f;1990;M;t;0;0
2596;f;2001;U;t;0;0
2597;f;2012;M;t;500;0
2598;f;2008;U;t;350;0
2599;t;2014;M;t;10000;0
2600;t;2007;U;t;850;0
2601;f;1991;M;t;0;0
2602;f;1985;U;t;0;0
2603;f;1999;M;t;0;0
2604;t;2014;M;t;150;0
2605;f;2012;M;t;0;0
2606;f;2004;U;t;11350;0
2607;t;2014;M;t;9600;0
2608;t;2007;M;f;1550;0
2609;f;1999;M;t;0;0
2610;f;1979;M;t;0;0
2611;f;2011;M;t;350;0
2612;f;2003;U;t;1000;0
2613;f;2003;M;t;-1050;0
2614;f;2011;M;t;850;0
2615;f;1985;M;t;0;0
2616;f;2012;M;t;0;0
2617;f;0;M;t;0;0
2618;f;1976;M;t;0;0
2619;f;2002;M;t;-3175;0
2620;f;1997;M;t;-24525;0
2621;f;1998;U;t;-3400;0
2622;t;2016;M;t;1800;0
2623;f;2007;M;t;200;0
2624;f;1987;U;t;0;0
2625;t;2014;F;t;0;0
2626;f;1992;M;t;0;0
2627;t;2014;M;t;4200;0
2628;f;1981;M;t;0;0
2629;f;2002;U;t;475;0
2630;f;1991;U;t;0;0
2631;f;1995;M;t;0;0
2632;t;2014;M;t;700;0
2633;f;1991;F;t;8150;0
2634;f;2006;M;t;-600;0
2635;f;2006;M;t;125;0
2636;f;1988;M;t;0;0
2637;f;1987;U;t;30000;0
2638;f;1992;M;t;0;0
2639;f;2009;U;t;1200;0
2640;f;1991;U;t;0;0
2641;t;2015;M;t;0;0
2642;f;1999;M;t;4850;0
2643;f;1990;M;t;0;0
2644;f;2000;F;t;550;0
2645;f;2009;M;f;500;0
2646;f;2001;M;t;8461;0
2647;t;2014;M;t;250;0
2648;f;1989;M;t;0;0
2649;f;2012;M;t;1050;0
2650;f;1985;M;t;0;0
2651;t;2014;M;t;7900;0
2652;f;1993;F;t;0;0
2653;f;1984;M;t;0;0
2654;f;2001;M;t;6550;0
2655;f;1984;F;t;0;0
2656;t;2008;M;t;16150;0
2657;t;2013;M;f;0;0
2658;f;1989;U;t;0;0
2659;f;2002;M;t;975;0
2660;t;2015;M;t;500;0
2661;f;1999;M;t;475;0
2662;t;2013;M;t;12350;0
2663;f;1983;M;t;150;0
2664;t;2017;M;t;3500;0
2665;t;2014;M;t;2900;0
2666;f;2003;M;t;-2450;0
2667;f;1996;M;t;0;0
2668;t;2016;M;t;4900;0
2669;t;2012;F;t;5900;0
2670;t;2011;M;t;850;0
2671;t;2014;M;t;3500;0
2672;t;2014;F;t;50;0
2673;t;2011;M;t;400;0
2674;f;1997;U;t;-8725;0
2675;f;1984;U;t;0;0
2676;t;2014;M;t;22200;0
2677;f;1989;U;t;0;0
2678;t;2014;M;t;0;0
2679;f;1989;M;t;0;0
2680;f;1999;M;t;375;0
2681;f;2003;M;t;-2075;0
2682;f;1990;U;t;0;0
2683;f;2001;M;t;9600;0
2684;t;2011;M;t;50;0
2685;f;1992;M;t;0;0
2686;f;2012;F;t;0;0
2687;t;2008;M;f;1250;0
2688;f;1991;M;t;0;0
2689;f;2011;M;t;100;0
2690;f;1996;U;t;0;0
2691;f;1989;M;t;0;0
2692;f;1995;M;t;0;0
2693;f;1989;M;t;0;0
2694;f;0;U;t;0;0
2695;f;1988;M;t;0;0
2696;f;2011;U;t;200;0
2697;t;2013;M;t;1100;0
2698;f;2006;M;t;5000;0
2699;f;1990;M;t;0;0
2700;f;2005;M;t;0;0
2701;t;2014;M;t;100;0
2702;f;1990;M;t;0;0
2703;f;1995;M;t;0;0
2704;f;1986;M;t;0;0
2705;f;0;M;t;0;0
2706;t;2012;M;t;1000;0
2707;t;2014;M;t;17750;0
2708;t;2016;M;t;7350;0
2709;f;1999;M;t;4175;0
2710;f;0;U;t;0;0
2711;f;2011;U;t;500;0
2712;f;2007;M;t;300;0
2713;t;2016;M;t;9600;0
2714;f;2001;M;t;-300;0
2715;f;1998;M;t;5500;0
2716;f;1996;M;t;0;0
2717;t;2014;F;t;44800;0
2718;f;1998;M;t;0;0
2719;f;1999;M;t;-11000;0
2720;f;1985;M;t;0;0
2721;t;2016;M;t;200;0
2722;f;1994;M;t;0;0
2723;f;1992;F;t;0;0
2724;t;2009;M;t;1350;0
2725;f;1988;M;t;0;0
2726;f;2009;M;t;0;0
2727;f;2004;M;t;250;0
2728;f;2006;U;t;2600;0
2729;t;2003;M;f;200;0
2730;f;2006;M;t;700;0
2731;f;2006;U;t;0;0
2732;f;1997;U;t;75;0
2733;t;2010;M;t;4500;0
2734;f;2011;M;f;400;0
2735;f;1993;M;t;0;0
2736;f;1999;M;t;650;0
2737;t;2007;M;t;7950;0
2738;f;1994;M;t;3475;0
2739;f;2014;U;t;100;0
2740;f;1986;M;t;0;0
2741;f;2003;M;t;350;0
2742;t;2012;M;t;850;0
2743;t;2013;M;t;2900;0
2744;f;2012;M;t;900;0
2745;t;2008;M;t;10450;0
2746;f;2012;M;t;0;0
2747;t;2013;M;t;1100;0
2748;f;2006;U;t;9800;0
2749;t;2011;M;t;150;0
2750;t;2015;M;t;3600;0
2751;t;2000;M;t;1450;0
2752;f;2004;M;t;-200;0
2753;f;2003;U;t;-5050;0
2754;t;2014;M;t;23600;0
2755;f;1996;M;t;0;0
2756;f;2005;M;t;0;0
2757;t;2014;F;t;1750;0
2758;f;1997;M;t;1875;0
2759;f;1999;M;t;0;0
2760;f;2015;M;t;350;0
2761;f;1986;U;t;0;0
2762;f;1999;U;t;0;0
2763;f;2007;M;t;300;0
2764;f;2003;M;t;-4600;0
2765;t;2014;M;t;26100;0
2766;f;1996;U;t;-24875;0
2767;t;2014;M;t;200;0
2768;f;2005;M;t;0;0
2769;f;1984;M;t;0;0
2770;t;2015;M;t;3500;0
2771;f;2000;F;t;2475;0
2772;f;1999;M;t;175;0
2773;f;2002;M;t;275;0
2774;f;2003;U;t;400;0
2775;f;1989;M;t;0;0
2776;f;1985;M;t;0;0
2777;f;1994;M;t;0;0
2778;f;1996;F;t;0;0
2779;f;2013;M;t;0;0
2780;f;1992;M;t;0;0
2781;f;1985;M;t;0;0
2782;f;1996;M;t;6475;0
2783;f;1994;M;t;-3650;0
2784;t;2014;F;t;250;0
2785;f;2004;M;t;0;0
2786;t;2014;M;t;300;0
2787;f;2002;M;t;-4450;0
2788;f;2004;M;t;300;0
2789;t;2015;M;t;950;0
2790;t;2015;M;t;4800;0
2791;f;1995;M;t;0;0
2792;f;1992;M;t;0;0
2793;t;2016;M;t;10000;0
2794;f;2010;M;f;0;0
2795;f;1985;M;t;0;0
2796;f;2000;M;t;0;0
2797;f;1991;M;t;0;0
2798;f;1984;M;t;0;0
2799;f;2007;M;f;0;0
2800;f;2010;M;t;9800;0
2801;t;2015;M;t;1150;0
2802;f;2008;M;t;400;0
2803;t;2015;M;f;100;0
2804;f;1996;M;t;0;0
2805;f;2008;M;t;4500;0
2806;t;2013;M;t;8150;0
2807;t;2016;M;t;0;0
2808;f;1995;M;t;-7200;0
2809;f;1995;M;t;1225;0
2810;t;2013;M;t;800;0
2811;f;1989;F;t;0;0
2812;t;1992;M;t;0;0
2813;f;1994;M;t;0;0
2814;f;1997;M;t;-9700;0
2815;f;1981;M;t;0;0
2816;f;1999;M;t;-5400;0
2817;f;2003;U;t;-1650;0
2818;t;14;M;t;3200;0
2819;f;2001;U;t;-500;0
2820;f;1979;M;t;0;0
2821;f;2005;M;t;23750;0
2822;f;1998;M;t;2050;0
2823;t;2014;M;t;500;0
2824;t;2009;M;t;550;0
2825;f;2005;M;t;5300;0
2826;f;2014;M;t;950;0
2827;f;1993;M;t;0;0
2828;f;1990;M;t;8825;0
2829;f;2004;U;t;0;0
2830;f;1995;M;t;0;0
2831;f;1989;M;t;0;0
2832;f;2002;M;t;-750;0
2833;t;2016;M;t;3250;0
2834;f;1981;M;t;0;0
2835;t;2013;F;t;1850;0
2836;f;2000;M;t;-6675;0
2837;f;1977;M;t;0;0
2838;f;2003;M;t;2000;0
2839;f;1995;M;t;-13200;0
2840;f;2004;M;t;450;0
2841;f;2002;M;t;50;0
2842;f;1983;M;t;0;0
2843;f;1995;M;t;0;0
2844;f;2003;M;t;125;0
2845;f;2008;M;t;700;0
2846;f;2002;M;t;675;0
2847;f;2012;M;t;500;0
2848;f;1983;M;t;0;0
2849;f;1986;M;t;0;0
2850;f;2002;U;t;50;0
2851;t;2008;M;t;600;0
2852;f;1977;U;t;0;0
2853;f;1993;U;t;0;0
2854;t;2013;M;t;0;0
2855;f;1985;U;t;0;0
2856;f;2012;M;t;0;0
2857;f;1995;M;t;6500;0
2858;f;1988;M;t;0;0
2859;f;2003;M;t;8800;0
2860;f;2009;M;t;100;0
2861;f;2004;M;t;200;0
2862;f;2009;F;t;0;0
2863;f;1983;M;t;0;0
2864;t;2002;M;t;9025;0
2865;t;2014;M;t;250;0
2866;f;1986;M;t;0;0
2867;f;1985;M;t;0;0
2868;f;2012;M;t;0;0
2869;f;1993;M;t;0;0
2870;t;1980;M;t;1800;0
2871;f;1989;M;t;0;0
2872;t;1993;F;t;10000;0
2873;t;2010;M;t;7950;0
2874;f;1989;U;t;0;0
2875;t;2013;M;t;150;0
2876;t;2015;F;t;0;0
2877;f;2005;M;t;25;0
2878;f;1995;M;t;0;0
2879;f;1994;M;t;-15300;0
2880;f;2005;M;t;675;0
2881;f;1991;M;t;0;0
2882;f;2003;U;t;-275;0
2883;f;1982;U;t;0;0
2884;f;1999;M;t;0;0
2885;t;2015;M;t;7700;0
2886;t;2016;M;t;18500;0
2887;f;1997;M;t;0;0
2888;f;2014;M;t;450;0
2889;f;1992;U;t;0;0
2890;f;2009;M;t;0;0
2891;f;2006;M;t;4100;0
2892;t;2013;M;t;700;0
2893;t;2016;M;t;350;0
2894;f;1981;M;t;0;0
2895;f;2000;U;t;-10250;0
2896;f;1976;M;t;0;0
2897;f;1992;M;t;6825;0
2898;f;1989;F;t;0;0
2899;f;1990;M;t;0;0
2900;t;2015;M;t;400;0
2901;f;1995;M;t;3600;0
2902;f;2002;M;t;-550;0
2903;f;1993;M;t;0;0
2904;t;2009;M;t;150;0
2905;f;1998;M;t;-275;0
2906;f;1990;F;t;0;0
2907;t;2014;M;t;7450;0
2908;f;2003;M;t;3700;0
2909;f;1997;U;t;0;0
2910;t;2011;M;t;900;0
2911;f;1993;M;t;0;0
2912;f;1981;M;t;0;0
2913;f;1991;M;t;0;0
2914;t;2013;M;t;250;0
2915;f;1985;M;t;0;0
2916;f;1985;M;t;0;0
2917;t;2016;M;t;2450;0
2918;t;2017;M;t;4900;0
2919;f;2003;M;t;-475;0
2920;f;2009;M;t;1100;0
2921;f;2013;M;t;0;0
2922;t;2012;M;t;750;0
2923;f;1994;M;t;0;0
2924;f;2005;M;t;-350;0
2925;t;2014;F;t;5200;0
2926;f;1991;U;t;1450;0
2927;t;2011;M;t;600;0
2928;t;2013;M;t;0;0
2929;f;0;M;t;-14250;0
2930;f;1995;M;t;0;0
2931;t;2016;M;t;12050;0
2932;f;1990;U;t;1900;0
2933;f;1995;M;t;0;0
2934;f;1998;M;t;9725;0
2935;f;2005;M;t;0;0
2936;f;2005;U;t;0;0
2937;f;1979;U;t;0;0
2938;t;2012;M;t;0;0
2939;t;2015;M;t;5850;0
2940;f;1988;U;t;0;0
2941;f;2009;M;t;3800;0
2942;f;2003;M;t;0;0
2943;f;1997;U;t;0;0
2944;t;2015;M;t;10850;0
2945;f;1998;M;t;10;0
2946;t;2014;M;t;0;0
2947;f;2002;M;t;-6300;0
2948;f;1983;M;t;0;0
2949;f;2002;M;t;-1350;0
2950;f;2002;U;t;0;0
2951;t;2012;M;t;0;0
2952;t;2014;M;t;1350;0
2953;f;1987;M;t;0;0
2954;t;2006;M;t;50;0
2955;f;2000;M;t;100;0
2956;f;1994;M;t;0;0
2957;f;2002;M;t;-200;0
2958;f;1985;U;t;0;0
2959;f;2006;M;t;925;0
2960;f;2003;M;t;-4025;0
2961;f;2005;M;t;-4775;0
2962;f;2002;U;t;-1325;0
2963;f;2011;U;t;1700;0
2964;f;1984;F;t;0;0
2965;f;1992;M;t;0;0
2966;t;2011;M;t;32100;0
2967;f;2006;M;t;2125;0
2968;f;2011;F;t;1300;0
2969;t;2014;M;t;7750;0
2970;f;1985;M;t;0;0
2971;f;2004;M;t;6075;0
2972;f;2002;M;t;300;0
2973;f;1995;M;t;0;0
2974;t;2015;M;t;450;0
2975;f;1984;M;t;0;0
2976;f;2015;M;t;0;0
2977;f;2003;M;t;150;0
2978;t;2013;F;t;0;0
2979;f;2001;M;t;125;0
2980;t;2008;U;f;0;0
2981;f;2004;U;t;0;0
2982;t;2016;F;t;0;0
2983;t;2002;U;f;18600;0
2984;f;1983;F;t;0;0
2985;f;2006;M;t;100;0
2986;f;1981;F;t;0;0
2987;f;1996;M;t;0;0
2988;f;1991;M;t;0;0
2989;t;2015;F;t;7400;0
2990;f;2000;M;t;-25;0
2991;f;2003;U;t;625;0
2992;t;2013;M;t;200;0
2993;f;2014;F;t;8850;0
2994;f;1991;M;t;0;0
2995;f;2010;M;t;3900;0
2996;f;1999;M;t;0;0
2997;t;2014;M;t;19150;0
2998;t;2012;M;t;500;0
2999;f;2005;U;t;-2125;0
3000;f;2003;U;t;4225;0
3001;f;2009;F;t;0;0
3002;t;2015;M;t;3700;0
3003;f;2005;M;t;0;0
3004;t;2016;F;t;14500;0
3005;f;1988;M;t;0;0
3006;f;1994;M;t;-28100;0
3007;t;2015;M;t;25200;0
3008;f;2001;M;t;0;0
3009;f;2003;U;t;0;0
3010;f;2006;M;t;450;0
3011;f;1991;M;t;0;0
3012;f;2010;M;t;200;0
3013;f;1995;M;t;-5000;0
3014;t;2016;M;t;4250;0
3015;f;2005;U;t;0;0
3016;f;1997;M;t;-25300;0
3017;t;2010;U;t;2150;0
3018;f;2001;M;t;-13000;0
3019;f;1997;U;t;0;0
3020;f;2009;M;t;200;0
3021;f;1999;F;t;4075;0
3022;f;1986;M;t;0;0
3023;t;2016;M;t;0;0
3024;f;2004;U;t;0;0
3025;f;2010;U;t;6650;0
3026;f;2001;M;t;27650;0
3027;f;1994;M;t;0;0
3028;t;2014;M;t;400;0
3029;f;1989;M;t;0;0
3030;f;2008;M;t;8200;0
3031;f;1982;M;t;0;0
3032;t;2003;M;t;4200;0
3033;f;2002;U;t;0;0
3034;f;1997;M;t;0;0
3035;f;2006;F;t;0;0
3036;t;2013;M;t;150;0
3037;f;1996;M;t;0;0
3038;t;2013;M;t;100;0
3039;f;0;M;t;100;0
3040;f;2012;M;t;150;0
3041;t;2009;M;t;100;0
3042;f;2013;M;t;100;0
3043;f;1985;U;t;0;0
3044;t;2010;M;t;600;0
3045;t;2014;M;t;5000;0
3046;f;1998;M;t;50;0
3047;f;2011;M;t;300;0
3048;t;2012;M;t;100;0
3049;f;1994;M;t;5000;0
3050;f;2007;M;t;6700;0
3051;f;2014;M;t;250;0
3052;f;1999;M;t;-11875;0
3053;f;1989;M;t;0;0
3054;f;1995;U;t;-44700;0
3055;f;1998;U;t;-27200;0
3056;t;2011;M;t;8550;0
3057;f;1982;M;t;0;0
3058;f;1989;M;t;0;0
3059;f;2005;U;t;-450;0
3060;t;2012;M;t;50;0
3061;t;1999;F;t;425;0
3062;f;1994;M;t;0;0
3063;t;2015;M;t;4700;0
3064;f;1988;F;t;0;0
3065;f;1986;M;t;0;0
3066;f;2004;M;t;550;0
3067;f;1984;U;t;0;0
3068;f;1999;F;t;0;0
3069;f;2005;M;t;1200;0
3070;f;2003;M;t;700;0
3071;f;1992;M;t;0;0
3072;f;1996;M;t;0;0
3073;f;1996;U;t;0;0
3074;f;2006;M;t;4075;0
3075;f;2007;M;t;0;0
3076;t;2014;M;t;850;0
3077;f;2005;M;t;2500;0
3078;t;2016;F;t;0;0
3079;f;1985;M;t;0;0
3080;t;2016;M;t;9750;0
3081;f;2001;M;t;650;0
3082;f;2001;M;t;10000;0
3083;f;1999;M;t;175;0
3084;f;2002;M;t;5600;0
3085;t;2016;M;t;0;0
3086;t;2015;M;t;650;0
3087;f;2006;M;t;-1625;0
3088;t;2017;M;t;800;0
3089;t;2008;M;t;12600;0
3090;t;2014;M;t;6250;0
3091;f;2002;M;t;-1000;0
3092;f;2005;U;t;0;0
3093;f;1991;F;t;0;0
3094;f;1985;M;t;0;0
3095;t;2006;M;t;1625;0
3096;f;2005;U;t;10000;0
3097;f;1996;M;t;0;0
3098;f;1980;M;t;0;0
3099;t;2014;M;t;550;0
3100;t;2016;M;t;11050;0
3101;f;2009;M;t;16750;0
3102;f;1995;M;t;1300;0
3103;f;1997;M;t;-33350;0
3104;f;1995;U;t;0;0
3105;f;1990;M;t;0;0
3106;f;2007;U;t;350;0
3107;t;2009;M;t;600;0
3108;f;2003;U;t;-2000;0
3109;f;1989;M;t;0;0
3110;f;1990;M;t;5250;0
3111;t;2005;M;t;7500;0
3112;t;2015;M;t;100;0
3113;f;2004;M;t;-1425;0
3114;f;2000;M;t;0;0
3115;t;2016;M;t;15150;0
3116;t;2002;M;t;625;0
3117;f;2005;F;t;750;0
3118;t;2012;M;t;800;0
3119;f;1998;M;t;0;0
3120;f;2000;M;t;-14550;0
3121;f;1988;M;t;0;0
3122;f;2002;U;t;12650;0
3123;f;2005;M;t;-2675;0
3124;f;2005;M;t;100;0
3125;f;2004;U;t;0;0
3126;f;1988;M;t;0;0
3127;f;1984;M;t;0;0
3128;f;2007;M;t;450;0
3129;f;2002;U;t;-5975;0
3130;f;1981;U;t;0;0
3131;f;1990;U;t;0;0
3132;f;1997;M;t;0;0
3133;t;2012;M;t;500;0
3134;f;1994;U;t;0;0
3135;f;1996;M;t;-6425;0
3136;f;1999;M;t;-12125;0
3137;f;2002;M;t;-2750;0
3138;f;2014;M;t;300;0
3139;t;2012;M;t;150;0
3140;f;2006;U;t;78;0
3141;f;2005;M;t;-2050;0
3142;f;1975;U;t;0;0
3143;t;2007;M;t;850;0
3144;f;1989;U;t;0;0
3145;f;2008;U;t;150;0
3146;f;1985;M;t;100;0
3147;f;1988;M;t;0;0
3148;f;1999;M;t;-4275;0
3149;t;2016;F;t;550;0
3150;t;2013;M;t;13550;0
3151;t;2011;M;t;400;0
3152;f;1995;M;t;25;0
3153;f;1987;U;t;0;0
3154;f;2008;M;t;600;0
3155;t;2011;M;t;1200;0
3156;f;1984;U;t;0;0
3157;f;2000;M;t;16875;0
3158;t;2001;M;t;9425;0
3159;t;1991;M;t;0;0
3160;f;1993;U;t;0;0
3161;f;2011;M;t;500;0
3162;t;2011;F;t;0;0
3163;t;2015;M;t;550;0
3164;f;2001;M;t;1150;0
3165;t;2016;M;t;8500;0
3166;f;2006;M;t;50;0
3167;f;2004;M;t;500;0
3168;f;1985;M;t;0;0
3169;f;1985;U;t;0;0
3170;t;2012;M;t;8050;0
3171;f;0;U;t;0;0
3172;f;1999;M;t;-1050;0
3173;f;2012;M;t;400;0
3174;f;1997;M;t;-13825;0
3175;f;2009;M;t;500;0
3176;f;2012;M;t;300;0
3177;f;1997;M;t;0;0
3178;t;2012;M;t;8700;0
3179;t;2010;M;t;100;0
3180;f;2005;U;t;-5175;0
3181;f;1999;M;t;-150;0
3182;f;2014;M;t;0;0
3183;f;1990;M;t;-25300;0
3184;f;1984;M;t;0;0
3185;f;1995;M;t;615;0
3186;f;1981;M;t;0;0
3187;f;2012;F;t;0;0
3188;f;1980;M;t;0;0
3189;f;1991;M;t;0;0
3190;t;2013;M;t;3500;0
3191;f;2000;M;t;-2650;0
3192;f;1982;F;t;0;0
3193;f;2002;U;t;475;0
3194;f;1986;M;t;0;0
3195;f;1992;M;t;0;0
3196;f;2004;M;t;-475;0
3197;f;1995;M;t;0;0
3198;f;2002;U;t;-2200;0
3199;f;2003;M;t;0;0
3200;t;2007;M;t;750;0
3201;f;2011;M;t;2600;0
3202;f;1992;M;t;0;0
3203;f;1984;M;t;0;0
3204;f;1988;M;t;0;0
3205;f;1996;M;t;-6350;0
3206;f;1990;U;t;0;0
3207;t;2010;M;t;400;0
3208;f;1998;M;t;425;0
3209;t;2016;M;t;1950;0
3210;f;1985;M;t;0;0
3211;t;2014;M;t;0;0
3212;f;1983;M;t;0;0
3213;f;2008;U;t;550;0
3214;t;1991;M;t;5525;0
3215;f;1995;M;t;0;0
3216;f;2010;M;t;6700;0
3217;f;2014;M;t;350;0
3218;f;1985;M;t;0;0
3219;f;1991;U;t;0;0
3220;t;2014;M;t;4950;0
3221;f;2005;M;t;0;0
3222;f;1989;U;t;0;0
3223;f;1977;U;t;0;0
3224;f;2006;F;t;500;0
3225;f;1992;M;t;0;0
3226;t;2010;U;f;0;0
3227;f;2002;M;t;15;0
3228;f;2012;M;t;0;0
3229;f;2010;M;t;500;0
3230;f;1997;M;t;0;0
3231;f;2007;M;t;150;0
3232;f;2011;M;t;0;0
3233;t;2016;F;t;0;0
3234;f;1997;M;t;-44000;0
3235;f;0;U;t;0;0
3236;f;1995;U;t;-27850;0
3237;f;2002;U;t;0;0
3238;f;1992;U;t;0;0
3239;f;1985;M;t;0;0
3240;f;1989;U;t;0;0
3241;f;1988;U;t;0;0
3242;f;1994;M;t;0;0
3243;f;2002;M;t;-125;0
3244;f;2002;M;t;-5025;0
3245;f;1987;M;t;0;0
3246;f;1997;U;t;-4100;0
3247;t;2008;M;t;150;0
3248;f;1984;M;t;0;0
3249;f;1996;M;t;-24700;0
3250;f;1992;M;t;0;0
3251;t;2011;M;t;79500;0
3252;f;1998;U;t;0;0
3253;f;2002;M;t;43850;0
3254;f;2010;M;t;900;0
3255;f;2004;U;t;-5075;0
3256;f;1989;M;t;0;0
3257;f;2002;M;t;-5700;0
3258;t;2008;M;t;8750;0
3259;f;1985;U;t;0;0
3260;t;2013;M;t;450;0
3261;f;1992;M;t;0;0
3262;f;2001;U;t;0;0
3263;f;1988;M;t;0;0
3264;f;2011;U;t;14050;0
3265;f;1983;M;t;0;0
3266;f;2010;M;t;950;0
3267;t;2014;M;t;10150;0
3268;t;2011;M;t;0;0
3269;f;2001;F;t;25;0
3270;f;2003;M;t;675;0
3271;t;2010;M;f;300;0
3272;t;2014;M;t;6600;0
3273;f;1991;M;t;0;0
3274;t;2016;F;t;150;0
3275;f;2006;M;t;350;0
3276;f;2003;M;t;5850;0
3277;f;2002;M;t;-2300;0
3278;f;1983;M;t;0;0
3279;f;2004;M;t;100;0
3280;f;2012;M;t;0;0
3281;f;1982;U;t;0;0
3282;f;2012;F;t;450;0
3283;f;1998;M;t;0;0
3284;f;2005;M;t;275;0
3285;f;2009;M;t;6450;0
3286;f;2002;U;t;1725;0
3287;f;1991;U;t;0;0
3288;t;2005;M;t;3425;0
3289;f;1992;M;t;0;0
3290;f;2003;M;t;325;0
3291;f;1998;M;t;0;0
3292;t;2012;M;t;0;0
3293;f;2009;M;t;150;0
3294;f;2012;M;t;0;0
3295;t;2014;M;t;1050;0
3296;f;1994;M;t;8925;0
3297;t;2014;M;t;3850;0
3298;f;0;M;t;-625;0
3299;f;1994;U;t;-31200;0
3300;f;1990;M;t;0;0
3301;t;2015;M;t;0;0
3302;t;2015;M;t;0;0
3303;t;2013;M;t;0;0
3304;t;2013;M;t;24200;0
3305;f;2015;M;t;300;0
3306;t;1991;M;t;175;0
3307;f;2006;M;t;5950;0
3308;f;2001;M;t;875;0
3309;f;0;M;t;-9450;0
3310;t;2015;M;t;0;0
3311;t;1973;M;t;500;0
3312;f;1993;M;t;0;0
3313;f;2000;M;t;50;0
3314;f;2004;M;t;2600;0
3315;f;1984;M;t;0;0
3316;f;1995;M;t;0;0
3317;t;2012;F;t;800;0
3318;f;1988;M;t;0;0
3319;t;2014;M;t;0;0
3320;f;2005;U;t;0;0
3321;f;1997;U;t;-18300;0
3322;t;2016;M;t;9350;0
3323;t;2015;M;t;450;0
3324;t;2004;M;t;75;0
3325;f;2003;M;t;-50;0
3326;t;2013;M;t;450;0
3327;f;1976;M;t;0;0
3328;f;1996;M;t;-43200;0
3329;f;2003;M;t;200;0
3330;f;2002;M;t;-2000;0
3331;f;1984;M;t;0;0
3332;f;2002;M;t;125;0
3333;t;2015;M;t;15850;0
3334;t;2003;M;t;0;0
3335;t;2011;U;t;24700;0
3336;f;2000;M;t;-925;0
3337;t;2016;M;t;200;0
3338;f;0;M;t;25;0
3339;f;1994;M;t;0;0
3340;f;2003;U;t;-550;0
3341;t;2016;M;t;1550;0
3342;f;2012;M;t;0;0
3343;f;2011;U;t;2150;0
3344;t;1991;M;t;0;0
3345;f;2006;M;t;725;0
3346;f;2003;U;t;-4175;0
3347;t;2014;M;t;0;0
3348;t;2016;F;t;200;0
3349;f;2003;M;t;50;0
3350;f;1996;M;t;2900;0
3351;t;2013;M;t;50;0
3352;f;2011;U;t;500;0
3353;t;2016;M;t;0;0
3354;f;1992;M;t;0;0
3355;f;1992;F;t;0;0
3356;t;2010;M;t;3750;0
3357;f;2008;M;t;2000;0
3358;f;1983;M;t;10000;0
3359;t;2015;F;t;0;0
3360;f;2005;U;t;-675;0
3361;t;2006;M;t;1300;0
3362;f;2005;U;t;275;0
3363;f;2013;M;t;250;0
3364;f;1975;M;t;0;0
3365;t;2013;M;t;4650;0
3366;f;2007;M;t;350;0
3367;f;2003;M;t;-2575;0
3368;f;1991;M;t;0;0
3369;f;1999;M;t;175;0
3370;t;2013;M;t;-43500;0
3371;f;2000;M;t;0;0
3372;f;1979;M;t;0;0
3373;f;1984;M;t;0;0
3374;t;2013;M;t;33500;0
3375;f;2002;M;t;2575;0
3376;f;2002;M;t;0;0
3377;f;2003;M;t;-3550;0
3378;f;1995;F;t;-1100;0
3379;f;1981;F;t;0;0
3380;f;2000;M;t;0;0
3381;f;1984;M;t;0;0
3382;t;2012;M;t;0;0
3383;t;2016;M;t;0;0
3384;t;2001;U;t;9650;0
3385;f;1999;M;t;0;0
3386;f;2013;M;t;0;0
3387;f;1997;M;t;-12900;0
3388;f;1998;M;t;1425;0
3389;f;1999;M;t;-22725;0
3390;f;2007;U;t;400;0
3391;t;1986;M;t;3425;0
3392;f;1985;U;t;0;0
3393;f;2002;U;t;0;0
3394;f;2011;M;t;350;0
3395;f;1998;M;t;-16175;0
3396;f;2001;M;t;0;0
3397;f;1993;M;t;0;0
3398;t;2009;M;t;650;0
3399;f;1994;M;t;0;0
3400;t;1996;M;t;7625;0
3401;f;2012;M;t;20300;0
3402;f;1999;M;t;0;0
3403;f;2003;M;t;-800;0
3404;t;2016;F;t;19100;0
3405;f;1996;U;t;-14900;0
3406;f;1993;U;t;0;0
3407;f;1998;M;t;0;0
3408;f;1997;M;t;0;0
3409;f;1997;M;t;0;0
3410;t;2011;F;t;0;0
3411;f;2006;M;t;350;0
3412;f;1994;M;t;7225;0
3413;t;2011;M;t;6771;0
3414;t;2015;M;t;150;0
3415;f;2003;U;t;275;0
3416;f;1996;M;t;0;0
3417;f;1999;M;t;3600;0
3418;f;2012;M;t;4850;0
3419;f;1999;M;t;0;0
3420;f;2000;U;t;18500;0
3421;t;2005;M;t;0;0
3422;f;2011;M;t;400;0
3423;f;2005;M;t;-1025;0
3424;t;2008;M;t;30000;0
3425;f;1990;M;t;0;0
3426;f;2005;M;t;-5625;0
3427;f;1989;M;t;0;0
3428;f;2006;M;t;50;0
3429;t;2015;M;t;34700;0
3430;f;2006;U;t;8400;0
3431;f;2006;M;t;0;0
3432;t;2013;M;t;26950;0
3433;f;1985;M;t;0;0
3434;f;1999;M;t;7925;0
3435;f;2012;M;t;0;0
3436;f;1987;M;t;0;0
3437;t;2014;M;t;39550;0
3438;f;1999;M;t;0;0
3439;f;2011;F;t;5750;0
3440;f;1999;M;t;-24175;0
3441;t;2003;U;t;100;0
3442;f;2003;M;t;4375;0
3443;f;2001;M;t;2725;0
3444;t;2014;M;t;9750;0
3445;t;2013;M;t;200;0
3446;f;1993;M;t;0;0
3447;f;1996;M;t;5800;0
3448;t;2015;F;t;0;0
3449;t;2014;M;t;6800;0
3450;f;2002;M;t;23408;0
3451;t;2013;M;t;100;0
3452;f;2002;U;t;-13375;0
3453;f;1991;U;t;0;0
3454;f;2006;M;t;48925;0
3455;f;1997;M;t;0;0
3456;f;2007;M;t;1900;0
3457;f;2002;M;t;-225;0
3458;f;2003;M;t;7900;0
3459;f;1992;M;t;0;0
3460;f;1997;U;t;0;0
3461;f;1984;M;t;0;0
3462;t;2014;M;t;750;0
3463;f;2007;M;t;250;0
3464;t;2001;M;t;150;0
3465;f;1988;M;t;0;0
3466;t;2015;M;t;10350;0
3467;f;1985;M;t;0;0
3468;f;1993;M;t;-2400;0
3469;f;2005;M;t;-850;0
3470;f;2004;U;t;4275;0
3471;f;1986;U;t;0;0
3472;f;1986;M;t;0;0
3473;t;2008;M;t;0;0
3474;f;2003;M;t;350;0
3475;f;2012;M;t;0;0
3476;f;1990;M;t;0;0
