id;product_id;price;changed_on
1;4;250;1996-10-24 10:28:26+02
2;3;275;1996-10-24 10:27:59+02
3;2;400;1996-10-24 10:27:36+02
4;1;300;1996-10-24 10:27:08+02
5;3;275;1996-10-24 10:28:33+02
6;5;250;1996-10-24 10:29:04+02
7;6;300;1996-10-24 10:29:57+02
8;7;300;1996-10-24 10:30:29+02
9;1;200;1996-10-25 10:14:54+02
10;2;325;1996-10-25 10:15:16+02
11;3;175;1996-10-25 10:15:37+02
12;4;150;1996-10-25 10:16:10+02
13;5;175;1996-10-25 10:16:31+02
14;6;225;1996-10-25 10:16:49+02
15;6;225;1996-10-25 10:16:52+02
16;7;225;1996-10-25 10:17:11+02
17;8;300;1996-10-28 16:19:58+01
18;1;300;1996-10-29 09:45:24+01
19;2;400;1996-10-29 09:45:35+01
20;3;275;1996-10-29 09:46:00+01
21;4;225;1996-10-29 09:46:24+01
22;1;275;1996-10-29 09:46:34+01
23;5;250;1996-10-29 09:47:05+01
24;6;300;1996-10-29 09:47:23+01
25;7;300;1996-10-29 09:47:36+01
26;8;450;1996-10-29 09:47:53+01
27;8;400;1996-10-29 09:48:45+01
28;4;150;1996-10-29 09:58:29+01
29;8;300;1996-10-29 09:58:39+01
30;4;225;1996-11-01 09:28:10+01
31;8;425;1996-11-01 09:28:32+01
32;9;625;1996-11-07 09:36:39+01
33;10;475;1996-11-07 09:37:59+01
34;11;700;1996-11-14 13:39:29+01
35;12;400;1996-11-14 13:39:50+01
36;13;600;1996-11-14 13:40:27+01
37;14;500;1996-11-14 13:40:52+01
38;15;500;1996-11-14 13:41:35+01
39;16;500;1996-11-14 13:42:53+01
40;15;500;1996-11-19 17:23:51+01
41;15;500;1996-11-19 17:28:27+01
42;17;425;1996-11-25 09:44:22+01
43;17;600;1996-11-25 09:47:02+01
44;17;600;1996-12-04 15:57:35+01
45;18;100;1997-02-04 09:40:53+01
46;18;325;1997-02-04 09:41:30+01
47;18;325;1997-02-04 09:41:42+01
48;18;300;1997-02-06 13:37:36+01
49;17;475;1997-02-06 13:37:45+01
50;9;600;1997-02-06 13:38:11+01
51;7;275;1997-02-06 13:38:25+01
52;6;275;1997-02-06 13:38:32+01
53;5;225;1997-02-06 13:38:40+01
54;4;200;1997-02-06 13:38:47+01
55;3;250;1997-02-06 13:38:55+01
56;2;375;1997-02-06 13:39:02+01
57;1;250;1997-02-06 13:39:10+01
58;8;375;1997-02-06 13:39:40+01
59;10;425;1997-02-06 13:40:11+01
60;19;525;1997-02-07 14:49:36+01
61;20;450;1997-02-11 09:30:49+01
62;7;250;1997-03-10 10:30:42+01
63;21;275;1997-03-10 14:20:47+01
64;17;500;1997-03-13 09:54:44+01
65;22;4000;1997-03-14 18:53:52+01
66;23;4000;1997-03-14 18:54:19+01
67;24;300;1997-04-08 11:12:15+02
68;19;475;1997-04-09 12:31:14+02
69;3;225;1997-04-09 16:11:18+02
70;9;600;1997-04-09 16:11:45+02
71;21;275;1997-04-09 16:13:09+02
72;20;485;1997-05-07 14:18:48+02
73;24;325;1997-05-07 14:19:31+02
74;20;475;1997-05-07 14:20:12+02
75;1;250;1997-05-08 10:42:35+02
76;25;275;1997-05-08 10:43:09+02
77;25;275;1997-05-08 10:43:22+02
78;25;275;1997-05-08 10:47:56+02
79;25;275;1997-05-12 13:30:04+02
80;25;275;1997-05-29 20:05:47+02
81;26;400;1997-11-14 11:45:46+01
82;27;800;1997-11-14 11:46:53+01
83;26;400;1997-11-14 11:47:07+01
84;28;600;1997-11-14 11:48:36+01
85;29;0;1997-11-14 11:59:07+01
86;22;4000;1997-11-14 11:59:43+01
87;23;4000;1997-11-14 12:01:29+01
88;6;275;1997-12-10 11:53:52+01
89;18;300;1997-12-10 11:54:17+01
90;30;0;1997-12-10 11:55:32+01
91;29;400;1998-03-02 14:36:35+01
92;29;400;1998-03-02 14:36:44+01
93;29;400;1998-03-02 14:37:29+01
94;29;400;1998-03-02 14:39:11+01
95;27;800;1998-03-05 14:23:42+01
96;28;600;1998-03-05 14:24:15+01
97;30;1500;1998-03-05 14:29:40+01
98;29;400;1998-03-06 16:19:40+01
99;29;400;1998-03-08 14:34:42+01
100;30;1200;1998-03-08 14:34:54+01
101;7;250;1998-03-11 12:01:59+01
102;19;475;1998-03-11 12:03:08+01
103;30;1300;1998-03-13 13:45:12+01
104;31;-200;1998-05-06 15:59:34+02
105;31;250;1998-05-06 16:02:10+02
106;32;200;1998-05-06 16:02:44+02
107;30;1000;1998-05-18 18:04:57+02
108;1;250;1998-09-23 15:21:42+02
109;1;2500;1998-09-23 15:30:39+02
110;33;200;1998-09-23 15:44:31+02
111;1;2500;1998-09-23 17:29:27+02
112;33;2000;1998-09-23 17:29:59+02
113;33;2000;1998-09-23 17:31:53+02
114;33;2000;1998-09-23 18:14:24+02
115;2;475;1998-09-23 18:56:01+02
116;2;375;1998-09-23 18:56:15+02
117;1;250;1998-09-23 18:59:11+02
118;11;800;1998-09-23 19:00:11+02
119;13;700;1998-09-23 19:01:07+02
120;14;600;1998-09-23 19:01:17+02
121;15;600;1998-09-23 19:02:04+02
122;1;350;1998-09-25 23:37:27+02
123;2;475;1998-09-25 23:37:42+02
124;3;325;1998-09-25 23:37:53+02
125;4;300;1998-09-25 23:38:03+02
126;5;325;1998-09-25 23:38:13+02
127;8;475;1998-09-25 23:40:58+02
128;10;525;1998-09-25 23:41:23+02
129;17;600;1998-09-25 23:41:38+02
130;20;575;1998-09-25 23:41:56+02
131;24;425;1998-09-25 23:42:16+02
132;32;300;1998-09-25 23:43:05+02
133;2;375;1998-11-10 14:44:25+01
134;3;225;1998-11-10 14:44:53+01
135;4;200;1998-11-10 14:45:10+01
136;5;225;1998-11-10 14:45:28+01
137;20;475;1998-11-10 14:46:41+01
138;24;325;1998-11-10 14:47:05+01
139;17;500;1998-11-10 14:47:26+01
140;29;700;1998-11-13 11:28:36+01
141;33;2000;1998-11-24 16:47:34+01
142;32;200;1998-12-02 09:19:29+01
143;17;500;1998-12-28 19:23:23+01
144;8;375;1999-05-06 17:46:20+02
145;34;1000;1999-09-29 15:56:38+02
146;22;4000;1999-10-18 13:37:31+02
147;22;4000;1999-10-18 13:37:52+02
148;22;4000;1999-10-18 13:39:22+02
149;34;1000;1999-10-18 13:41:28+02
150;34;1000;1999-10-18 13:41:54+02
151;34;1000;1999-10-18 13:42:25+02
152;34;1000;1999-10-18 13:42:53+02
153;22;4000;1999-10-18 13:51:07+02
154;22;4000;1999-10-18 13:51:27+02
155;22;4000;1999-10-18 13:52:46+02
156;22;4000;1999-10-18 13:53:01+02
157;17;500;1999-10-29 16:14:32+02
158;30;1000;1999-11-16 15:14:59+01
159;5;225;1999-11-16 15:16:46+01
160;10;525;1999-11-16 15:17:16+01
161;37;0;2000-11-01 16:47:44+01
162;38;650;2001-02-19 12:17:39+01
163;38;600;2001-02-19 12:18:48+01
164;39;0;2001-03-29 12:30:46+02
165;39;0;2001-03-29 12:30:50+02
166;39;0;2001-03-29 12:31:11+02
167;32;200;2001-03-29 12:31:31+02
168;39;0;2001-03-29 12:31:40+02
169;40;100;2001-05-02 14:04:35+02
170;15;600;2001-05-04 13:47:58+02
171;29;700;2001-05-04 13:51:33+02
172;8;375;2001-05-04 15:23:34+02
173;39;0;2001-05-04 18:02:37+02
174;2;425;2001-05-09 15:30:27+02
175;3;250;2001-05-09 15:30:49+02
176;4;225;2001-05-09 15:31:05+02
177;11;900;2001-05-09 15:31:44+02
178;12;500;2001-05-09 15:31:59+02
179;13;700;2001-05-09 15:32:31+02
180;14;650;2001-05-09 15:32:42+02
181;16;525;2001-05-09 15:33:03+02
182;17;525;2001-05-09 15:33:14+02
183;20;600;2001-05-09 15:33:36+02
184;29;700;2001-05-09 15:33:59+02
185;38;625;2001-05-09 15:34:15+02
186;12;500;2001-12-20 14:53:03+01
187;22;2500;2001-12-20 14:53:29+01
188;41;9000;2001-12-20 14:54:04+01
189;42;14000;2001-12-20 14:56:56+01
190;41;9000;2001-12-20 15:11:07+01
191;42;14000;2001-12-20 15:11:26+01
192;22;2500;2001-12-20 15:12:04+01
193;40;100;2001-12-20 15:12:21+01
194;34;1000;2001-12-20 15:12:42+01
195;26;400;2001-12-20 15:13:09+01
196;28;600;2001-12-20 15:13:26+01
197;27;800;2001-12-20 15:13:48+01
198;42;14000;2001-12-28 11:47:00+01
199;42;14000;2001-12-28 11:47:41+01
200;26;400;2002-02-14 15:10:09+01
201;27;900;2002-02-14 15:11:06+01
202;17;550;2002-06-25 12:48:07+02
203;12;500;2002-09-30 10:53:30+02
204;12;500;2002-11-14 17:26:57+01
205;13;700;2002-11-15 15:18:04+01
206;2;450;2002-11-15 15:18:52+01
207;45;275;2002-11-15 15:19:06+01
208;24;350;2002-11-15 15:19:24+01
209;20;625;2002-11-15 15:19:37+01
210;17;575;2002-11-15 15:19:51+01
211;38;700;2002-11-15 15:20:04+01
212;11;1050;2002-11-15 15:20:35+01
213;16;625;2002-11-15 15:20:57+01
214;37;1200;2002-11-15 15:23:00+01
215;11;1050;2002-11-15 15:23:39+01
216;37;1200;2002-11-15 15:23:53+01
217;11;1050;2002-11-15 15:24:10+01
218;11;1050;2002-11-15 16:01:20+01
219;37;1200;2002-11-15 16:01:31+01
220;37;1300;2002-11-16 12:41:51+01
221;46;0;2002-11-22 15:03:53+01
222;47;900;2002-11-22 15:04:10+01
223;41;8000;2003-01-20 13:25:18+01
224;42;15000;2003-01-20 13:25:30+01
225;22;3000;2003-01-20 13:25:57+01
226;23;2500;2003-01-20 13:26:09+01
227;22;3000;2003-02-03 15:55:39+01
228;23;2500;2003-02-03 15:55:45+01
229;41;8000;2003-02-03 15:55:53+01
230;42;15000;2003-02-03 15:55:57+01
231;16;675;2003-03-26 14:51:25+01
232;13;700;2003-03-26 14:52:07+01
233;29;700;2003-11-07 13:48:18+01
234;41;7000;2003-12-05 02:47:44+01
235;42;11500;2003-12-05 02:48:20+01
236;41;7000;2004-04-15 13:41:13+02
237;42;11500;2004-04-15 13:41:22+02
238;48;3000;2004-04-27 11:38:21+02
239;48;3000;2004-05-13 10:50:50+02
240;41;7000;2004-05-13 10:51:01+02
241;42;11500;2004-05-13 10:51:07+02
242;49;45000;2004-05-13 10:52:28+02
243;50;13000;2004-05-13 10:52:47+02
244;50;13000;2004-06-10 15:45:51+02
245;31;150;2004-06-10 15:46:28+02
246;37;1200;2004-06-10 15:47:29+02
247;50;13000;2004-06-13 23:14:13+02
248;49;45000;2004-06-13 23:14:49+02
249;51;20000;2004-09-15 01:21:18+02
250;51;20000;2004-10-12 12:26:34+02
251;47;900;2004-10-12 12:28:30+02
252;47;900;2004-11-04 17:15:27+01
253;46;13500;2004-11-10 13:41:41+01
254;27;1200;2004-11-26 19:49:49+01
255;52;600;2004-11-26 20:08:42+01
256;46;13500;2004-11-26 20:12:41+01
257;46;13500;2004-12-01 16:23:16+01
258;52;600;2004-12-01 16:33:29+01
259;46;13500;2004-12-01 16:33:40+01
260;46;13500;2004-12-03 14:08:05+01
261;46;13500;2004-12-03 14:08:21+01
262;41;6000;2004-12-05 21:56:34+01
263;42;10000;2004-12-05 21:57:45+01
264;53;11000;2004-12-05 21:59:05+01
265;22;4000;2004-12-05 22:01:24+01
266;41;6000;2004-12-05 23:32:26+01
267;42;10000;2004-12-05 23:34:04+01
268;53;11000;2004-12-05 23:36:11+01
269;54;0;2004-12-14 13:26:28+01
270;48;3000;2005-03-26 10:55:29+01
271;48;3000;2005-05-04 16:54:54+02
272;48;3000;2005-05-05 19:44:37+02
273;48;3000;2005-05-05 19:45:21+02
274;48;3000;2005-05-05 20:44:00+02
275;48;3000;2005-05-05 20:44:22+02
276;48;3000;2005-05-06 18:28:52+02
277;48;3000;2005-05-06 18:29:33+02
278;48;3000;2005-05-06 19:51:16+02
279;48;3000;2005-05-07 02:17:12+02
280;49;45000;2005-06-02 18:23:10+02
281;50;15000;2005-06-02 18:23:22+02
282;49;45000;2005-07-05 16:02:32+02
283;50;15000;2005-07-05 16:02:41+02
284;51;18000;2005-09-23 13:18:28+02
285;54;900;2005-09-23 16:12:24+02
286;55;0;2005-09-23 16:12:37+02
287;51;18000;2005-10-19 17:26:05+02
288;55;12500;2005-10-20 10:25:58+02
289;55;12500;2005-10-20 10:31:46+02
290;22;4000;2005-10-20 10:33:20+02
291;46;14000;2005-11-10 16:34:34+01
292;46;14000;2005-11-27 18:25:13+01
293;31;200;2005-11-27 18:26:27+01
294;13;700;2005-11-27 18:27:25+01
295;46;14000;2005-11-27 18:28:12+01
296;46;14000;2005-11-27 18:28:42+01
297;46;14000;2005-11-28 16:01:44+01
298;46;14000;2005-11-28 16:04:06+01
299;46;14000;2005-12-01 13:25:18+01
300;46;14000;2005-12-01 13:25:57+01
301;46;14000;2005-12-01 15:26:16+01
302;46;14000;2005-12-01 15:28:17+01
303;42;12000;2005-12-14 13:59:38+01
304;22;4000;2005-12-14 14:01:41+01
305;22;4000;2005-12-14 14:24:22+01
306;42;12000;2005-12-14 14:24:37+01
307;53;12000;2005-12-15 17:49:41+01
308;53;12000;2005-12-16 14:35:52+01
309;56;10000;2006-03-27 20:00:10+02
310;56;10000;2006-04-02 15:37:57+02
311;56;10000;2006-04-05 15:43:02+02
312;56;10000;2006-04-05 15:43:34+02
313;56;10000;2006-04-06 19:23:24+02
314;56;10000;2006-04-06 19:24:06+02
315;48;3500;2006-04-20 20:57:20+02
316;48;3500;2006-04-20 20:57:42+02
317;56;10000;2006-05-03 10:57:30+02
318;56;10000;2006-05-03 10:57:48+02
319;57;3000;2006-05-05 14:49:00+02
320;48;3500;2006-05-05 14:49:14+02
321;48;3500;2006-05-08 10:46:29+02
322;48;3500;2006-05-08 10:47:17+02
323;50;11000;2006-05-09 17:29:58+02
324;50;11000;2006-05-09 17:30:12+02
325;49;45000;2006-05-09 17:31:14+02
326;57;1500;2006-05-24 12:11:53+02
327;54;900;2006-05-25 15:04:36+02
328;47;900;2006-05-25 15:04:43+02
329;49;45000;2006-06-23 15:16:23+02
330;50;11000;2006-06-23 15:16:32+02
331;51;18000;2006-09-06 23:33:38+02
332;42;900;2006-09-06 23:34:49+02
333;42;900;2006-09-06 23:35:13+02
334;54;900;2006-09-06 23:35:39+02
335;17;600;2006-09-28 14:12:56+02
336;20;650;2006-09-28 14:13:19+02
337;54;950;2006-09-28 14:14:34+02
338;51;18000;2006-10-27 15:10:30+02
339;58;800;2006-10-27 15:10:49+02
340;27;1500;2006-10-27 17:13:52+02
341;59;250000;2006-10-27 18:13:31+02
342;59;250000;2006-10-27 18:14:55+02
343;27;1500;2006-10-27 18:44:00+02
344;27;1500;2006-11-03 16:18:53+01
345;27;1500;2006-11-03 16:19:10+01
346;27;1500;2006-11-03 16:56:01+01
347;46;12500;2006-11-12 16:46:43+01
348;58;800;2006-11-12 16:47:02+01
349;60;5000;2006-11-14 21:44:06+01
350;46;12500;2006-11-27 13:34:48+01
351;46;12500;2006-12-01 14:35:50+01
352;46;12500;2006-12-01 14:37:05+01
353;46;12500;2006-12-01 14:38:49+01
354;46;12500;2006-12-01 14:39:03+01
355;60;5000;2006-12-09 17:33:09+01
356;11;1000;2006-12-09 17:36:30+01
357;41;10000;2006-12-09 17:37:09+01
358;11;1050;2006-12-09 18:12:11+01
359;41;10000;2006-12-09 18:12:25+01
360;57;1500;2006-12-09 18:12:40+01
361;16;675;2006-12-09 18:12:55+01
362;27;1500;2006-12-09 18:13:17+01
363;61;0;2007-01-24 14:54:03+01
364;61;0;2007-01-24 21:49:19+01
365;48;4000;2007-05-02 13:58:10+02
366;48;4000;2007-05-02 13:58:14+02
367;61;0;2007-05-02 13:58:29+02
368;48;4000;2007-05-14 15:42:10+02
369;49;45000;2007-05-15 15:23:53+02
370;50;11000;2007-05-15 15:24:06+02
371;62;5000;2007-05-24 20:25:50+02
372;62;5000;2007-05-24 20:27:07+02
373;62;5000;2007-05-24 20:29:10+02
374;59;250000;2007-05-28 16:12:49+02
375;59;250000;2007-05-28 16:15:20+02
376;50;11000;2007-06-13 17:50:38+02
377;49;45000;2007-06-13 17:50:45+02
378;50;11000;2007-06-28 14:58:04+02
379;50;11000;2007-06-28 14:58:29+02
380;49;45000;2007-06-28 15:00:22+02
381;49;45000;2007-06-28 15:00:40+02
382;39;0;2007-08-31 02:10:08+02
383;24;600;2007-08-31 16:41:49+02
384;20;600;2007-08-31 16:42:49+02
385;38;850;2007-08-31 16:42:58+02
386;17;750;2007-08-31 16:43:21+02
387;43;1100;2007-08-31 16:43:46+02
388;26;400;2007-09-02 16:17:39+02
389;29;700;2007-09-02 16:18:15+02
390;51;19900;2007-09-12 15:51:04+02
391;51;19900;2007-09-12 15:52:26+02
392;63;2500;2007-10-12 22:01:06+02
393;63;2000;2007-10-12 22:05:54+02
394;54;950;2007-10-13 02:46:08+02
395;63;2000;2007-10-15 17:39:28+02
396;51;19900;2007-10-21 23:37:05+02
397;46;15000;2007-10-26 17:17:02+02
398;29;700;2007-11-02 14:05:10+01
399;45;275;2007-11-05 20:53:38+01
400;24;600;2007-11-05 20:53:58+01
401;20;600;2007-11-05 20:54:11+01
402;2;450;2007-11-05 20:54:40+01
403;47;900;2007-11-09 16:10:01+01
404;46;15000;2007-11-28 16:14:51+01
405;46;15000;2007-12-04 15:59:50+01
406;46;15000;2007-12-04 16:03:41+01
407;46;15000;2007-12-04 16:04:08+01
408;46;15000;2007-12-04 16:04:23+01
409;41;10000;2007-12-07 16:55:50+01
410;64;4500;2007-12-07 16:56:24+01
411;41;10000;2007-12-07 16:57:04+01
412;29;700;2007-12-07 16:57:26+01
413;64;4500;2007-12-07 16:57:47+01
414;42;900;2007-12-07 16:58:28+01
415;42;900;2007-12-10 15:48:31+01
416;29;700;2007-12-10 15:48:50+01
417;40;100;2007-12-10 15:50:06+01
418;50;11000;2008-02-12 14:11:59+01
419;49;45000;2008-02-12 14:12:18+01
420;38;950;2008-02-17 15:36:39+01
421;43;1300;2008-02-19 17:25:51+01
422;38;1000;2008-02-19 17:26:38+01
423;17;850;2008-02-19 17:27:30+01
424;65;1200;2008-03-07 14:53:06+01
425;65;1200;2008-03-13 12:53:33+01
426;65;1200;2008-03-14 15:16:05+01
427;65;1200;2008-03-28 15:19:02+01
428;65;1200;2008-03-28 15:19:31+01
429;26;400;2008-03-28 17:07:54+01
430;26;500;2008-03-28 17:08:05+01
431;65;1200;2008-04-11 15:57:01+02
432;65;1200;2008-04-16 11:41:11+02
433;48;4000;2008-04-21 20:10:47+02
434;65;1200;2008-04-25 15:56:00+02
435;48;4000;2008-04-28 10:45:20+02
436;48;4000;2008-04-30 14:30:54+02
437;65;1200;2008-04-30 14:31:58+02
438;48;4000;2008-05-02 12:14:08+02
439;48;4000;2008-05-02 12:14:17+02
440;65;1200;2008-05-02 12:14:41+02
441;66;1500;2008-05-02 13:14:44+02
443;48;4000;2008-05-02 18:53:25+02
444;65;1200;2008-05-09 16:53:09+02
445;1765;1500;2008-05-30 17:57:31+02
446;1765;800;2008-05-30 18:00:49+02
447;1766;1000;2008-05-30 18:01:05+02
448;1765;800;2008-06-17 12:10:36+02
449;1765;800;2008-06-17 12:11:13+02
450;1767;1400;2008-09-05 13:53:33+02
451;65;1200;2008-09-05 16:49:44+02
452;65;1200;2008-09-05 16:50:02+02
453;51;25000;2008-09-15 22:15:45+02
454;65;1200;2008-09-15 22:16:12+02
455;29;700;2008-09-15 22:22:25+02
456;65;1200;2008-09-26 16:13:36+02
457;65;1200;2008-10-03 18:32:12+02
458;55;17500;2008-10-07 12:58:16+02
459;65;1200;2008-10-10 16:38:39+02
460;65;1200;2008-10-10 16:55:32+02
461;51;25000;2008-10-14 13:21:33+02
462;55;17500;2008-10-14 13:22:07+02
463;58;1000;2008-10-16 14:44:17+02
464;1;100;2008-10-22 15:34:42+02
465;1;100;2008-10-22 15:34:51+02
466;55;17500;2008-10-23 13:11:31+02
467;1768;5;2008-10-24 15:32:32+02
468;1768;500;2008-10-24 15:33:05+02
469;1769;800;2008-10-24 15:33:40+02
470;1770;1500;2008-10-24 15:33:56+02
471;1768;500;2008-10-24 15:34:09+02
472;1770;1500;2008-10-24 15:34:50+02
473;65;1200;2008-10-24 16:10:24+02
474;1771;50000;2008-10-24 18:25:04+02
475;1770;1500;2008-10-29 11:29:18+01
476;1769;800;2008-10-29 11:29:22+01
477;1768;500;2008-10-29 11:29:29+01
478;1771;50000;2008-10-29 11:29:42+01
479;1771;50000;2008-10-29 11:29:59+01
480;1771;50000;2008-10-29 11:30:22+01
481;29;700;2008-10-31 16:53:41+01
482;65;1200;2008-11-04 13:26:48+01
483;1772;2000;2008-11-07 13:15:43+01
484;65;1200;2008-11-07 15:05:24+01
485;65;1200;2008-11-07 15:06:06+01
486;65;1200;2008-11-07 15:06:49+01
487;1772;2000;2008-11-12 16:41:15+01
488;46;15000;2008-11-12 16:41:56+01
489;46;15000;2008-11-12 16:42:58+01
490;65;1200;2008-11-14 14:29:48+01
491;65;1200;2008-11-14 14:30:38+01
492;65;1200;2008-11-21 15:17:35+01
493;46;15000;2008-12-01 15:40:51+01
494;1771;50000;2008-12-01 15:41:32+01
495;1773;400;2008-12-05 15:11:29+01
496;1773;400;2008-12-05 15:11:56+01
497;1773;400;2008-12-05 15:12:58+01
498;65;1300;2008-12-05 18:17:02+01
499;66;1500;2008-12-05 18:18:11+01
500;64;3000;2008-12-05 18:33:25+01
501;41;10000;2008-12-05 19:29:01+01
502;41;11000;2008-12-05 19:29:37+01
503;1774;900;2008-12-05 21:34:01+01
504;65;1300;2009-02-06 15:18:40+01
505;29;700;2009-02-11 19:56:56+01
506;65;1500;2009-02-20 00:39:54+01
507;1775;200;2009-02-20 00:40:46+01
508;66;1500;2009-02-20 00:42:35+01
509;65;1500;2009-02-20 13:30:05+01
510;11;1100;2009-02-20 15:38:09+01
511;11;1100;2009-02-20 15:38:15+01
512;29;800;2009-02-20 15:38:42+01
513;43;1500;2009-02-20 15:39:12+01
514;37;1250;2009-02-20 15:41:33+01
515;31;1500;2009-02-20 15:41:58+01
516;31;150;2009-02-20 15:43:46+01
517;65;1500;2009-02-27 15:12:34+01
518;1774;900;2009-03-17 12:53:07+01
519;1774;900;2009-03-17 12:53:25+01
520;65;1500;2009-03-20 12:20:23+01
521;1776;1500;2009-03-24 12:27:52+01
522;1776;1500;2009-03-25 12:32:55+01
523;1776;1600;2009-03-25 12:40:55+01
524;65;1500;2009-04-03 15:57:13+02
525;1777;800;2009-04-07 15:14:19+02
526;1776;1600;2009-04-07 15:32:05+02
527;1777;800;2009-04-07 15:32:18+02
528;17;900;2009-04-10 14:16:31+02
529;1778;6000;2009-04-17 11:26:49+02
530;1778;6000;2009-04-17 11:32:48+02
531;65;1500;2009-04-17 16:13:15+02
532;65;1500;2009-04-17 16:13:18+02
533;65;1500;2009-04-17 16:14:32+02
534;48;4500;2009-04-20 12:21:29+02
535;48;4500;2009-04-23 12:28:54+02
536;1778;6000;2009-04-23 12:29:11+02
537;48;4500;2009-04-23 12:29:37+02
538;1778;6000;2009-04-23 12:31:47+02
539;29;500;2009-04-24 18:29:35+02
540;29;800;2009-04-24 18:52:36+02
541;1779;1000;2009-04-24 18:53:36+02
542;52;1000;2009-05-01 16:08:34+02
543;65;1500;2009-05-01 16:09:02+02
544;48;4500;2009-05-05 14:30:30+02
545;48;4500;2009-05-05 15:37:14+02
546;48;4500;2009-05-05 15:53:52+02
547;48;4500;2009-05-06 14:32:31+02
548;1780;1700;2009-05-07 15:32:17+02
549;65;1500;2009-05-07 15:33:25+02
550;1780;1700;2009-05-15 16:05:33+02
551;65;1500;2009-05-15 16:06:20+02
552;50;12000;2009-05-20 14:22:01+02
553;50;12000;2009-05-20 14:22:08+02
554;49;45000;2009-05-20 14:22:29+02
555;49;45000;2009-06-18 12:30:12+02
556;49;45000;2009-06-18 12:30:33+02
557;1777;800;2009-09-02 14:09:43+02
558;65;1500;2009-09-04 16:21:29+02
559;1781;30000;2009-09-07 14:56:09+02
560;38;900;2009-09-07 16:07:38+02
561;1781;30000;2009-09-07 18:32:06+02
562;51;27000;2009-09-10 14:31:43+02
563;1781;30000;2009-09-14 10:21:40+02
564;1781;30000;2009-09-14 10:21:53+02
565;52;1000;2009-09-17 20:27:12+02
566;65;1500;2009-09-18 14:22:04+02
567;65;1500;2009-09-25 15:52:26+02
568;65;1500;2009-10-02 19:23:48+02
569;51;27000;2009-10-05 11:24:41+02
570;55;20000;2009-10-05 12:58:54+02
571;55;20000;2009-10-06 14:36:37+02
572;51;27000;2009-10-06 14:36:46+02
573;1782;125;2009-10-06 14:59:10+02
574;1782;12500;2009-10-06 14:59:55+02
575;51;27000;2009-10-08 20:08:11+02
576;51;27000;2009-10-08 20:08:33+02
577;51;27000;2009-10-08 20:08:46+02
578;51;27000;2009-10-08 22:04:27+02
579;1783;800;2009-10-13 16:08:47+02
580;38;1000;2009-10-26 13:22:43+01
581;1773;400;2009-10-26 16:27:31+01
582;46;15000;2009-10-27 14:23:05+01
583;65;1500;2009-10-30 16:05:00+01
584;27;2000;2009-10-30 18:09:51+01
585;1784;23100;2009-11-04 12:45:40+01
586;66;1600;2009-11-13 15:32:49+01
587;65;1500;2009-11-13 15:33:26+01
588;1785;1000;2009-11-27 09:52:02+01
589;1786;2500;2009-11-27 09:52:29+01
590;1786;2500;2009-11-27 09:52:45+01
591;46;15000;2009-11-30 13:51:41+01
592;66;1600;2009-11-30 16:14:18+01
593;65;1500;2009-11-30 16:14:27+01
594;1785;1000;2009-11-30 16:21:01+01
595;46;15000;2009-12-01 14:45:20+01
596;41;10000;2009-12-04 14:02:49+01
597;41;10000;2009-12-04 14:03:24+01
598;22;3000;2009-12-04 18:25:18+01
599;46;15000;2009-12-04 18:25:57+01
600;46;15000;2009-12-04 18:26:14+01
601;1773;400;2010-01-18 17:00:41+01
602;1787;1400;2010-02-10 12:30:12+01
606;1789;1000;2010-02-11 17:16:35+01
608;1790;1500;2010-02-19 11:55:38+01
609;1791;1200;2010-02-22 10:12:34+01
610;1789;1000;2010-02-23 13:39:19+01
615;1789;1000;2010-03-10 17:15:29+01
616;1790;1500;2010-03-15 13:23:07+01
617;1789;1000;2010-03-24 18:05:33+01
618;1778;6000;2010-04-06 14:34:31+02
619;1789;1000;2010-04-07 19:13:01+02
620;50;12000;2010-04-08 13:42:12+02
621;49;45000;2010-04-08 13:42:31+02
622;48;5000;2010-04-19 15:37:20+02
623;1789;1000;2010-04-21 19:07:28+02
624;1789;1000;2010-04-21 19:08:13+02
625;48;5000;2010-04-27 17:12:43+02
626;1792;8500;2010-04-27 17:13:17+02
627;48;5000;2010-04-27 17:13:29+02
628;1792;8500;2010-05-03 15:34:13+02
629;48;5000;2010-05-03 15:34:29+02
630;48;5000;2010-05-03 15:37:10+02
631;48;5000;2010-05-03 15:37:53+02
632;27;2000;2010-05-03 15:38:33+02
633;66;1600;2010-05-03 15:39:05+02
634;1789;1000;2010-05-05 18:26:19+02
635;48;5000;2010-05-11 13:27:25+02
636;48;5000;2010-05-11 13:28:01+02
637;48;5000;2010-05-11 13:28:22+02
638;1792;8500;2010-05-11 17:06:48+02
639;1792;8500;2010-05-11 17:16:49+02
640;1792;8500;2010-05-11 17:17:05+02
641;1780;1700;2010-05-12 14:17:14+02
642;1780;1700;2010-05-12 19:27:27+02
643;1780;1700;2010-05-14 02:01:04+02
644;1793;850;2010-05-18 16:20:01+02
645;1789;1000;2010-05-19 19:12:14+02
646;47;900;2010-05-26 12:49:15+02
647;34;1200;2010-05-26 12:51:15+02
648;1794;800;2010-05-26 12:56:02+02
649;50;12000;2010-06-08 16:03:07+02
650;50;12000;2010-06-08 16:03:27+02
651;49;45000;2010-06-08 16:04:48+02
652;49;45000;2010-06-08 16:05:00+02
653;1767;1400;2010-06-16 13:21:36+02
654;1793;850;2010-09-03 11:45:41+02
655;1794;800;2010-09-03 11:45:51+02
656;1791;1200;2010-09-08 16:22:08+02
657;1790;1500;2010-09-08 16:22:14+02
658;1795;550;2010-09-08 16:25:33+02
659;1789;1000;2010-09-08 20:35:05+02
660;51;30000;2010-09-10 16:05:32+02
661;1780;1700;2010-09-10 18:26:08+02
662;1787;1400;2010-09-14 11:39:32+02
663;1789;1000;2010-09-22 18:07:07+02
664;1789;1000;2010-09-22 18:07:37+02
665;1789;1000;2010-09-22 18:08:37+02
666;1789;1000;2010-10-06 18:16:04+02
667;51;30000;2010-10-11 13:12:29+02
668;32;300;2010-10-20 10:53:34+02
669;1796;400;2010-10-20 16:25:19+02
670;1795;550;2010-10-20 16:35:44+02
671;1796;400;2010-10-20 16:35:54+02
672;34;1200;2010-10-20 16:36:57+02
673;1789;1000;2010-10-20 18:28:48+02
674;27;2000;2010-10-20 23:15:59+02
675;27;1500;2010-10-21 13:20:14+02
676;1780;1700;2010-10-21 13:20:56+02
677;65;1500;2010-10-21 13:21:19+02
678;26;500;2010-10-21 13:21:33+02
679;29;800;2010-10-21 13:21:51+02
680;1783;800;2010-10-28 20:53:40+02
681;1789;1000;2010-11-03 17:50:09+01
682;29;800;2010-11-04 11:18:52+01
683;1773;400;2010-11-04 11:20:40+01
684;47;900;2010-11-04 11:21:32+01
685;47;800;2010-11-05 12:13:56+01
686;65;1500;2010-11-05 14:55:59+01
687;29;800;2010-11-05 14:56:24+01
688;62;5000;2010-11-05 14:57:23+01
689;43;1500;2010-11-05 14:57:44+01
690;65;1500;2010-11-08 09:48:37+01
691;43;1500;2010-11-08 09:49:38+01
692;1773;400;2010-11-08 09:54:50+01
693;46;10000;2010-11-15 13:44:42+01
694;46;10000;2010-11-15 13:50:38+01
695;46;10000;2010-11-15 13:52:44+01
696;65;1500;2010-11-19 15:35:33+01
697;65;1500;2010-11-26 17:17:38+01
698;66;1600;2010-11-26 17:18:19+01
699;46;10000;2010-11-29 13:02:19+01
700;46;10000;2010-11-29 16:55:28+01
701;46;10000;2010-11-29 17:01:31+01
702;46;10000;2010-11-30 13:47:09+01
703;46;10000;2010-11-30 13:53:23+01
704;46;10000;2010-11-30 15:36:02+01
705;46;10000;2010-11-30 15:37:35+01
706;46;10000;2010-12-02 11:03:02+01
707;46;10000;2010-12-02 11:04:06+01
708;46;10000;2010-12-02 11:05:21+01
709;46;10000;2010-12-03 13:12:31+01
710;46;10000;2010-12-03 13:13:02+01
711;46;10000;2010-12-03 13:14:05+01
712;41;10000;2010-12-03 17:44:04+01
713;66;1600;2010-12-03 18:15:39+01
714;41;10000;2010-12-03 18:17:57+01
715;65;1500;2010-12-03 18:47:19+01
716;65;1500;2010-12-17 13:59:51+01
717;65;1500;2010-12-18 18:20:13+01
718;1777;800;2011-02-03 15:28:01+01
719;65;1500;2011-02-04 16:24:15+01
720;66;1600;2011-02-04 16:24:38+01
721;1797;2500;2011-02-21 13:56:53+01
722;1797;2500;2011-02-24 14:59:56+01
723;1797;2500;2011-02-24 15:00:09+01
724;1797;2500;2011-02-25 12:50:18+01
725;1797;2500;2011-02-25 16:34:11+01
726;1773;400;2011-03-15 13:43:33+01
727;27;1500;2011-03-15 13:43:48+01
728;47;800;2011-03-15 13:44:17+01
729;1796;400;2011-03-15 13:47:55+01
730;1783;800;2011-03-22 10:29:30+01
731;29;800;2011-03-22 10:30:24+01
732;1778;3000;2011-03-30 14:58:35+02
733;1776;1600;2011-04-12 12:47:07+02
734;27;1500;2011-04-14 13:11:35+02
735;26;500;2011-04-14 13:12:41+02
736;1778;3000;2011-04-15 17:06:02+02
737;1778;3000;2011-04-15 19:14:28+02
738;65;1500;2011-04-15 19:32:50+02
739;41;10000;2011-04-15 20:15:18+02
740;65;1500;2011-04-18 08:53:06+02
741;41;10000;2011-04-18 10:51:19+02
742;41;10000;2011-04-18 10:51:43+02
743;48;0;2011-04-29 15:17:36+02
744;48;0;2011-04-29 15:26:12+02
745;65;1500;2011-04-29 16:26:30+02
746;1794;800;2011-05-05 16:33:56+02
747;65;1500;2011-05-06 18:26:51+02
748;29;800;2011-05-09 15:05:04+02
749;1798;1100;2011-05-09 15:07:19+02
750;1798;1100;2011-05-09 15:07:28+02
751;1798;1100;2011-05-11 13:25:43+02
752;1799;900;2011-05-16 17:02:16+02
753;1798;1100;2011-05-24 14:05:10+02
754;1799;900;2011-05-24 14:05:37+02
755;1800;700;2011-05-25 11:40:08+02
756;1800;700;2011-05-25 11:40:20+02
757;1801;4800;2011-05-26 16:09:19+02
758;1801;4800;2011-05-26 20:28:16+02
759;1775;100;2011-05-27 15:00:45+02
760;65;800;2011-05-27 15:01:16+02
761;1800;700;2011-06-01 16:55:23+02
762;1794;800;2011-08-17 13:42:00+02
763;1798;1100;2011-08-17 13:42:09+02
764;65;11;2011-08-17 13:44:42+02
765;65;1100;2011-08-17 13:45:03+02
766;1799;900;2011-09-02 14:28:37+02
767;62;5000;2011-09-06 14:01:03+02
768;1775;100;2011-09-06 14:01:17+02
769;1799;900;2011-09-06 16:19:51+02
770;65;1100;2011-09-06 19:02:27+02
771;51;30000;2011-09-09 15:07:37+02
772;65;1100;2011-09-09 19:50:10+02
773;38;1100;2011-09-19 13:24:05+02
774;65;1100;2011-09-23 16:56:18+02
775;65;1500;2011-09-23 17:09:01+02
776;65;1100;2011-09-23 17:09:34+02
777;65;1100;2011-10-07 15:27:35+02
778;1802;500;2011-10-07 17:32:50+02
779;1775;100;2011-10-07 18:21:20+02
780;1775;100;2011-10-07 19:00:04+02
781;65;1200;2011-10-07 19:00:19+02
782;1802;500;2011-10-10 12:59:31+02
783;65;1200;2011-10-21 16:05:32+02
784;51;30000;2011-10-21 16:09:59+02
785;1803;26400;2011-10-31 12:43:28+01
786;29;800;2011-11-03 10:15:03+01
787;66;1500;2011-11-03 10:18:48+01
788;66;1300;2011-11-04 10:58:04+01
789;29;800;2011-11-04 11:36:23+01
790;65;1200;2011-11-04 12:07:43+01
791;66;1500;2011-11-04 12:09:38+01
792;66;1400;2011-11-04 15:45:01+01
793;65;1200;2011-11-07 11:33:15+01
794;66;1400;2011-11-07 11:33:26+01
795;27;1500;2011-11-07 11:35:25+01
796;46;10000;2011-11-08 18:22:20+01
797;46;9400;2011-11-08 18:23:26+01
798;46;10000;2011-11-09 14:55:57+01
799;1802;500;2011-11-16 22:42:15+01
800;65;1200;2011-11-18 16:08:19+01
801;66;1400;2011-11-18 16:08:24+01
802;66;1400;2011-11-23 11:32:12+01
803;1773;400;2011-11-24 14:27:11+01
804;1773;450;2011-11-24 14:27:44+01
805;46;10000;2011-11-30 12:07:11+01
806;1769;800;2011-12-02 17:38:46+01
807;65;1200;2011-12-02 17:39:09+01
808;66;1400;2011-12-02 17:39:20+01
809;41;10000;2011-12-02 18:19:36+01
810;41;10000;2011-12-02 18:20:42+01
811;47;800;2011-12-09 09:24:12+01
812;34;1200;2011-12-09 09:25:24+01
813;1784;23100;2011-12-09 09:25:51+01
814;1769;800;2011-12-09 09:27:03+01
815;1767;1400;2011-12-09 09:27:06+01
816;66;1400;2011-12-09 09:27:10+01
817;65;1200;2011-12-09 09:27:13+01
818;34;1200;2011-12-12 22:01:47+01
819;65;1200;2012-02-03 16:13:29+01
820;66;1400;2012-02-03 16:13:34+01
821;1797;2500;2012-02-08 13:41:35+01
822;65;1200;2012-02-08 13:42:33+01
823;66;1400;2012-02-08 13:42:41+01
824;1797;2500;2012-02-08 13:43:14+01
825;1797;2500;2012-02-08 13:43:55+01
826;1797;2500;2012-02-08 13:44:17+01
827;1773;450;2012-02-09 13:17:33+01
828;65;1200;2012-02-17 16:16:56+01
829;1804;1300;2012-02-20 13:18:05+01
830;65;1200;2012-03-02 16:17:36+01
831;65;1200;2012-03-02 21:38:52+01
832;65;1200;2012-03-16 16:37:58+01
833;1775;100;2012-03-16 16:38:22+01
834;1775;100;2012-03-19 12:27:40+01
835;1791;1200;2012-03-28 12:14:58+02
836;1791;1200;2012-03-28 12:15:38+02
837;1791;1200;2012-03-28 12:15:56+02
838;43;1500;2012-03-28 12:22:39+02
839;1791;1200;2012-04-02 11:37:22+02
840;1778;2500;2012-04-06 00:15:02+02
841;1803;1100;2012-04-13 17:48:23+02
842;1803;1100;2012-04-13 17:48:55+02
843;65;1200;2012-04-13 18:12:07+02
844;41;10000;2012-04-13 19:42:04+02
845;1803;1100;2012-04-16 18:42:34+02
846;65;1200;2012-04-16 18:42:43+02
847;14;600;2012-04-17 17:57:38+02
848;14;600;2012-04-17 17:58:01+02
849;14;600;2012-04-17 18:00:06+02
850;14;600;2012-04-17 18:01:21+02
851;41;10000;2012-04-18 19:28:40+02
852;65;1200;2012-04-27 16:51:27+02
853;1792;3000;2012-04-30 12:34:54+02
854;1792;3000;2012-04-30 12:38:19+02
855;1792;3000;2012-04-30 12:50:13+02
856;48;0;2012-04-30 12:51:48+02
857;1792;3000;2012-04-30 12:52:07+02
858;48;0;2012-05-07 11:29:48+02
859;1792;3000;2012-05-07 11:29:56+02
860;1767;1400;2012-05-11 15:03:58+02
861;65;1200;2012-05-11 20:35:27+02
862;1804;1300;2012-05-14 17:49:22+02
863;1791;1200;2012-05-14 17:49:24+02
864;26;500;2012-05-14 17:49:46+02
865;38;1100;2012-05-14 17:49:49+02
866;65;1200;2012-05-14 17:50:44+02
867;17;1300;2012-05-21 11:33:05+02
868;65;1200;2012-05-25 17:25:19+02
869;65;1200;2012-05-30 20:05:24+02
870;49;45000;2012-05-31 14:43:20+02
871;50;15000;2012-05-31 14:43:36+02
872;17;900;2012-06-15 15:49:16+02
873;17;1000;2012-06-15 15:49:28+02
874;38;1100;2012-06-19 16:12:53+02
875;50;15000;2012-06-25 13:36:26+02
876;49;45000;2012-06-25 13:36:37+02
877;29;800;2012-06-25 13:37:26+02
878;65;1200;2012-09-03 18:22:09+02
879;51;33300;2012-09-04 14:17:42+02
880;16;1350;2012-09-05 14:01:11+02
881;55;22200;2012-09-07 20:20:20+02
882;51;33300;2012-09-07 20:20:29+02
883;17;1300;2012-09-12 14:57:27+02
884;65;1200;2012-09-28 17:05:28+02
885;65;1200;2012-10-01 15:59:16+02
886;65;1200;2012-10-01 16:00:16+02
887;65;1200;2012-10-02 14:27:59+02
888;65;1200;2012-10-02 14:31:21+02
889;65;1200;2012-10-02 14:31:44+02
890;55;22200;2012-10-09 10:09:14+02
891;51;33300;2012-10-09 10:09:22+02
892;16;1700;2012-10-09 12:11:10+02
893;16;1500;2012-10-09 12:20:24+02
894;16;1550;2012-10-09 12:26:19+02
895;51;33300;2012-10-09 18:11:06+02
896;51;33300;2012-10-09 19:56:10+02
897;51;33300;2012-10-10 14:40:14+02
898;51;33300;2012-10-10 14:40:34+02
899;1805;6900;2012-10-18 11:43:02+02
901;46;10000;2012-10-24 13:27:45+02
902;65;1200;2012-10-24 16:54:20+02
903;1806;500;2012-10-26 17:07:31+02
904;1807;2850;2012-11-01 13:10:44+01
905;29;800;2012-11-02 14:43:34+01
906;1807;2850;2012-11-02 14:45:48+01
907;1808;1400;2012-11-02 14:46:12+01
908;1809;3100;2012-11-02 14:48:55+01
909;1807;3600;2012-11-02 14:49:59+01
910;1807;3600;2012-11-02 14:50:22+01
911;1807;3600;2012-11-02 14:51:55+01
912;65;1200;2012-11-02 14:52:31+01
913;66;1400;2012-11-02 15:30:53+01
914;1808;1700;2012-11-02 15:35:50+01
915;66;1400;2012-11-02 15:45:17+01
916;1806;500;2012-11-02 16:35:23+01
917;26;500;2012-11-02 16:35:37+01
918;1806;500;2012-11-02 21:13:28+01
919;66;1400;2012-11-06 11:02:28+01
920;65;1200;2012-11-06 11:02:46+01
921;1773;450;2012-11-06 11:03:02+01
922;66;1400;2012-11-06 11:03:19+01
923;26;500;2012-11-06 11:03:55+01
924;66;1400;2012-11-23 16:34:44+01
925;65;1200;2012-11-23 16:34:52+01
926;46;10000;2012-11-26 14:06:50+01
927;46;10000;2012-11-27 13:27:21+01
928;46;10000;2012-11-28 13:57:54+01
929;1806;500;2012-12-07 10:58:27+01
930;41;10000;2012-12-07 10:58:59+01
931;41;10000;2012-12-07 10:59:35+01
932;58;800;2012-12-13 18:03:16+01
933;1804;1300;2012-12-13 20:11:37+01
934;27;1500;2013-01-08 11:00:45+01
935;27;1500;2013-01-08 11:01:07+01
936;27;1500;2013-01-08 11:01:19+01
937;17;1500;2013-01-24 09:55:34+01
938;1797;0;2013-02-06 12:15:44+01
939;1807;3600;2013-02-14 15:22:36+01
940;1808;1700;2013-02-14 15:22:42+01
941;1809;3100;2013-02-14 15:22:47+01
942;1789;1000;2013-02-27 17:15:05+01
943;34;1300;2013-03-11 14:48:48+01
944;13;750;2013-03-11 14:50:28+01
945;13;800;2013-03-11 14:50:41+01
946;14;650;2013-03-11 14:50:50+01
947;11;1200;2013-03-11 14:51:07+01
948;37;1350;2013-03-11 14:51:24+01
949;1767;1500;2013-03-11 14:52:43+01
950;38;1200;2013-03-11 15:00:24+01
951;17;1350;2013-03-11 15:00:55+01
952;1789;1000;2013-03-13 15:18:51+01
953;1778;5000;2013-03-22 23:18:17+01
954;1789;1000;2013-03-27 17:03:51+01
955;1778;5000;2013-04-05 11:02:22+02
956;41;10000;2013-04-05 19:15:05+02
957;1789;1000;2013-04-10 18:09:38+02
958;66;1400;2013-04-12 17:35:24+02
959;1789;1000;2013-04-24 18:19:42+02
960;1797;0;2013-04-29 12:55:35+02
961;1810;1000;2013-04-29 12:56:31+02
962;1810;1000;2013-04-29 12:56:52+02
963;1792;1500;2013-04-30 13:28:21+02
964;1792;1500;2013-04-30 13:29:13+02
965;48;1500;2013-04-30 13:29:52+02
966;1792;3500;2013-04-30 14:31:27+02
967;1792;3500;2013-04-30 14:31:53+02
968;1799;900;2013-05-03 17:11:31+02
969;1776;1650;2013-05-06 11:34:53+02
970;1804;1300;2013-05-06 11:35:28+02
971;49;50000;2013-05-08 11:55:12+02
972;49;50000;2013-05-08 12:34:37+02
973;50;15000;2013-05-08 12:34:41+02
974;1773;450;2013-05-08 12:35:03+02
975;66;1400;2013-05-08 12:35:21+02
976;58;800;2013-05-08 12:35:36+02
977;65;1200;2013-05-08 12:35:49+02
978;38;1200;2013-05-08 12:36:13+02
979;29;800;2013-05-08 12:36:41+02
980;17;1350;2013-05-08 12:37:03+02
981;1789;1000;2013-05-08 17:36:47+02
982;1792;3500;2013-05-09 16:50:47+02
983;48;1500;2013-05-09 16:51:08+02
984;1792;3500;2013-05-13 16:13:44+02
985;1810;1000;2013-05-21 16:27:33+02
986;1789;1000;2013-05-22 17:58:29+02
987;1810;1000;2013-05-23 13:41:13+02
988;1789;1000;2013-06-19 18:16:53+02
989;1799;900;2013-06-24 14:52:05+02
990;49;50000;2013-06-24 14:52:29+02
991;50;15000;2013-06-24 14:52:51+02
992;1789;1000;2013-07-10 23:36:43+02
993;16;1600;2013-08-21 12:02:28+02
994;65;1300;2013-08-21 12:26:16+02
995;1811;0;2013-09-06 14:58:40+02
996;1811;0;2013-09-06 14:58:46+02
997;1811;0;2013-09-06 14:59:05+02
998;1812;3000;2013-09-06 15:01:15+02
999;1811;0;2013-09-06 15:34:55+02
1000;14;650;2013-09-06 15:48:31+02
1001;1811;0;2013-09-06 16:06:47+02
1002;1812;2000;2013-09-06 16:16:50+02
1003;14;650;2013-09-06 16:38:26+02
1004;27;1500;2013-09-06 18:40:20+02
1005;27;1500;2013-09-06 18:40:54+02
1006;27;1500;2013-09-06 18:41:57+02
1007;65;1300;2013-09-06 19:07:54+02
1008;65;1300;2013-09-06 19:08:52+02
1009;27;1500;2013-09-07 16:10:15+02
1010;1789;1000;2013-09-11 17:54:34+02
1011;14;650;2013-09-11 17:58:43+02
1012;51;33300;2013-09-13 16:31:36+02
1013;55;22200;2013-09-13 16:31:43+02
1014;1811;0;2013-09-20 17:11:35+02
1015;65;1300;2013-09-20 17:12:14+02
1016;1789;1000;2013-09-25 17:58:34+02
1017;65;1300;2013-09-27 19:25:49+02
1018;65;1300;2013-09-27 19:27:07+02
1019;13;1000;2013-10-03 13:37:40+02
1020;1783;1000;2013-10-03 13:37:58+02
1021;1777;1000;2013-10-03 13:38:22+02
1022;42;900;2013-10-03 13:44:25+02
1023;1783;1000;2013-10-03 13:44:42+02
1024;1777;1000;2013-10-03 13:45:00+02
1025;1776;1650;2013-10-03 13:45:14+02
1026;47;800;2013-10-03 13:45:30+02
1027;13;1000;2013-10-03 13:48:18+02
1028;13;1000;2013-10-03 13:49:41+02
1029;55;22200;2013-10-09 13:58:43+02
1030;51;33300;2013-10-09 13:58:52+02
1031;51;33300;2013-10-09 17:43:47+02
1032;51;33300;2013-10-09 17:44:46+02
1033;1789;1000;2013-10-09 18:06:58+02
1034;55;22200;2013-10-09 18:20:27+02
1035;55;22200;2013-10-09 18:20:55+02
1036;1813;5000;2013-10-23 17:37:09+02
1037;1813;5000;2013-10-23 17:38:06+02
1038;1813;500;2013-10-23 17:38:18+02
1039;14;500;2013-10-23 17:42:18+02
1040;14;650;2013-10-23 21:33:55+02
1041;1814;1500;2013-10-24 13:42:58+02
1042;1814;1500;2013-10-24 13:43:54+02
1043;1815;1000;2013-10-24 13:44:33+02
1044;1815;1000;2013-10-24 13:45:05+02
1045;1814;1500;2013-10-24 13:45:19+02
1046;1816;1200;2013-10-25 12:17:48+02
1047;1816;1200;2013-10-25 13:59:22+02
1048;1768;500;2013-10-25 15:12:52+02
1049;1806;500;2013-10-25 15:13:03+02
1050;1817;500;2013-10-25 15:13:19+02
1051;1817;500;2013-10-25 15:13:25+02
1052;1817;500;2013-10-25 15:13:38+02
1053;1806;500;2013-10-25 15:13:52+02
1054;65;1300;2013-10-25 17:26:14+02
1055;1817;500;2013-10-31 15:57:12+01
1056;1806;500;2013-10-31 15:59:40+01
1057;1815;1000;2013-10-31 16:17:31+01
1058;65;1300;2013-11-01 14:07:30+01
1059;1813;500;2013-11-01 14:07:47+01
1060;1812;2000;2013-11-01 14:07:51+01
1061;1812;2000;2013-11-01 14:08:02+01
1062;1768;500;2013-11-01 14:08:20+01
1063;66;1500;2013-11-01 14:09:55+01
1067;29;850;2013-11-04 13:03:40+01
1069;66;1500;2013-11-04 13:05:44+01
1070;1819;0;2013-11-06 10:45:53+01
1071;1819;0;2013-11-06 10:46:28+01
1072;1814;1500;2013-11-06 10:46:59+01
1073;1819;0;2013-11-06 10:52:42+01
1074;1819;0;2013-11-06 10:53:31+01
1075;1819;0;2013-11-06 10:54:14+01
1076;1819;0;2013-11-06 11:49:42+01
1077;1789;1000;2013-11-06 18:43:26+01
1078;1775;1800;2013-11-07 17:02:06+01
1079;1775;1600;2013-11-07 17:02:46+01
1080;1775;1500;2013-11-08 15:07:32+01
1081;1820;1750;2013-11-08 15:08:27+01
1082;1820;1750;2013-11-08 15:08:55+01
1083;1820;1750;2013-11-08 15:09:13+01
1084;1775;1500;2013-11-08 15:09:34+01
1085;66;1500;2013-11-08 15:09:49+01
1086;65;1300;2013-11-08 15:10:20+01
1087;1820;1750;2013-11-08 15:10:42+01
1088;1807;3600;2013-11-14 13:34:25+01
1089;1809;3100;2013-11-14 13:34:44+01
1090;1808;1700;2013-11-14 13:35:05+01
1091;1776;1650;2013-11-14 13:35:41+01
1092;1776;1650;2013-11-14 13:36:00+01
1093;13;1000;2013-11-14 15:48:57+01
1094;66;1500;2013-11-15 16:13:20+01
1095;65;1300;2013-11-15 16:13:31+01
1096;66;1500;2013-11-15 16:13:46+01
1097;66;1500;2013-11-15 16:13:54+01
1098;65;1300;2013-11-15 16:14:22+01
1099;66;1500;2013-11-15 16:14:34+01
1100;1775;1500;2013-11-15 16:14:44+01
1101;1820;1750;2013-11-15 16:15:00+01
1102;1775;1500;2013-11-15 16:16:34+01
1103;1820;1750;2013-11-15 16:16:48+01
1104;1775;1500;2013-11-15 16:17:09+01
1105;1820;1750;2013-11-15 16:17:27+01
1106;1820;1750;2013-11-15 16:17:50+01
1107;1775;1500;2013-11-15 16:18:03+01
1108;66;1500;2013-11-15 16:18:20+01
1109;65;1300;2013-11-15 16:18:31+01
1110;11;1200;2013-11-15 16:56:28+01
1111;11;1200;2013-11-15 16:57:16+01
1112;11;1200;2013-11-15 16:57:37+01
1113;11;1200;2013-11-15 16:58:02+01
1114;12;500;2013-11-15 17:00:37+01
1115;12;500;2013-11-15 17:00:59+01
1116;12;500;2013-11-15 17:01:14+01
1117;11;1200;2013-11-15 17:01:35+01
1118;11;1200;2013-11-15 17:01:50+01
1119;11;1200;2013-11-15 17:02:16+01
1120;11;1200;2013-11-15 17:02:44+01
1121;11;1200;2013-11-15 17:03:03+01
1122;1820;1750;2013-11-15 17:50:46+01
1123;1775;1500;2013-11-15 17:51:13+01
1124;66;1500;2013-11-15 17:51:27+01
1125;65;1300;2013-11-15 17:51:38+01
1126;11;1200;2013-11-15 17:52:36+01
1127;1820;1750;2013-11-18 14:31:05+01
1128;1775;1500;2013-11-18 14:31:14+01
1129;66;1500;2013-11-18 14:31:23+01
1130;65;1300;2013-11-18 14:31:32+01
1131;1789;1000;2013-11-20 17:14:49+01
1132;46;10000;2013-11-21 11:27:30+01
1133;46;10000;2013-11-21 12:01:25+01
1134;65;1300;2013-11-22 16:35:25+01
1135;66;1500;2013-11-22 16:35:50+01
1136;1775;1500;2013-11-22 16:36:11+01
1137;1820;1750;2013-11-22 16:36:28+01
1138;46;10000;2013-11-29 16:58:42+01
1139;1789;1000;2013-12-04 17:05:16+01
1140;41;10000;2013-12-06 18:48:18+01
1141;41;10000;2013-12-06 18:48:52+01
1142;41;10000;2013-12-12 13:34:54+01
1143;1821;250;2013-12-18 16:05:39+01
1144;1821;288;2013-12-18 16:06:48+01
1145;1821;288;2013-12-18 16:09:46+01
1146;1789;1000;2014-01-08 17:20:38+01
1147;1821;28800;2014-01-08 17:21:42+01
1148;1821;28800;2014-01-08 17:22:03+01
1149;27;2000;2014-02-07 15:24:30+01
1150;1775;1500;2014-02-07 15:25:47+01
1151;65;1300;2014-02-07 15:27:29+01
1152;27;2000;2014-02-07 15:27:51+01
1153;27;2000;2014-02-07 15:28:24+01
1154;1820;1750;2014-02-07 16:11:06+01
1155;66;1500;2014-02-07 16:11:38+01
1156;1797;1500;2014-02-10 13:18:24+01
1157;1797;1500;2014-02-10 13:18:35+01
1158;65;1300;2014-02-14 16:38:27+01
1159;66;1500;2014-02-14 16:39:03+01
1160;1775;1500;2014-02-14 16:39:25+01
1161;1820;1750;2014-02-14 16:39:34+01
1162;1797;1500;2014-02-20 17:32:10+01
1163;1775;1500;2014-02-21 15:40:28+01
1164;65;1300;2014-02-21 15:40:44+01
1165;1775;1500;2014-02-28 15:30:05+01
1166;65;1300;2014-02-28 15:30:29+01
1167;1822;1500;2014-03-05 15:04:57+01
1168;1823;600;2014-03-06 11:48:12+01
1169;65;1300;2014-03-07 16:10:27+01
1170;1775;1500;2014-03-07 16:10:46+01
1171;1824;500;2014-03-12 10:54:02+01
1172;1824;500;2014-03-12 15:07:39+01
1173;1824;500;2014-03-14 16:38:11+01
1174;1824;500;2014-03-14 19:03:36+01
1175;1778;4500;2014-03-20 13:33:12+01
1176;65;1300;2014-03-21 16:09:24+01
1177;1775;1500;2014-03-21 16:09:54+01
1178;1825;5500;2014-03-21 17:48:44+01
1179;1825;5500;2014-03-21 18:06:44+01
1180;1820;1750;2014-03-21 18:07:08+01
1181;1775;1500;2014-03-21 18:07:38+01
1182;65;1300;2014-03-21 18:08:03+01
1183;66;1500;2014-03-21 18:08:35+01
1184;1825;5500;2014-03-24 14:42:47+01
1185;1775;1500;2014-03-28 16:04:44+01
1186;65;1300;2014-03-28 16:05:02+01
1187;1825;5500;2014-03-28 16:05:46+01
1188;1826;500;2014-03-28 16:07:06+01
1189;1826;500;2014-03-28 16:07:09+01
1190;1826;500;2014-03-28 16:07:31+01
1191;1825;5500;2014-03-28 16:07:45+01
1192;1823;600;2014-03-31 17:23:05+02
1193;1808;1700;2014-03-31 17:23:36+02
1194;1809;3100;2014-03-31 17:23:58+02
1195;1776;1650;2014-03-31 17:24:16+02
1196;1767;1500;2014-03-31 17:24:43+02
1197;1776;1650;2014-03-31 17:25:11+02
1198;1826;500;2014-04-01 11:54:12+02
1199;1826;500;2014-04-01 11:56:29+02
1200;1826;500;2014-04-03 18:26:15+02
1201;65;1300;2014-04-04 17:20:45+02
1202;1775;1500;2014-04-04 17:21:14+02
1203;1826;500;2014-04-07 10:30:29+02
1204;1827;0;2014-04-07 10:32:15+02
1205;1778;4500;2014-04-09 14:15:00+02
1206;1778;4500;2014-04-09 14:31:21+02
1207;1778;4500;2014-04-09 14:31:39+02
1208;1789;1000;2014-04-09 19:41:56+02
1209;1789;1000;2014-04-09 19:43:09+02
1210;27;2000;2014-04-09 19:47:12+02
1211;27;2000;2014-04-09 19:48:28+02
1212;1820;1750;2014-04-11 17:45:12+02
1213;1820;1750;2014-04-11 17:45:39+02
1214;1775;1500;2014-04-11 17:46:15+02
1215;65;1300;2014-04-11 17:46:33+02
1216;1827;0;2014-04-11 18:26:30+02
1217;1822;1500;2014-04-11 18:26:41+02
1218;1776;1650;2014-04-11 18:26:52+02
1219;1807;3600;2014-04-11 18:27:12+02
1220;62;5000;2014-04-11 18:27:32+02
1221;1825;5500;2014-04-11 18:27:41+02
1222;1825;5500;2014-04-11 18:30:58+02
1223;1825;5500;2014-04-11 18:31:18+02
1224;1825;5500;2014-04-11 18:31:46+02
1225;29;850;2014-04-11 18:32:12+02
1226;1825;5500;2014-04-11 19:14:49+02
1227;41;10000;2014-04-11 19:30:21+02
1228;1827;0;2014-04-14 12:02:01+02
1229;1825;5500;2014-04-14 12:05:22+02
1230;41;10000;2014-04-14 12:05:38+02
1231;1825;5500;2014-04-18 17:18:02+02
1232;1775;1500;2014-04-18 17:18:17+02
1233;65;1300;2014-04-18 17:18:28+02
1234;27;2000;2014-04-18 17:34:50+02
1235;27;2000;2014-04-18 17:35:38+02
1237;15;1500;2014-04-23 14:59:55+02
1238;15;1500;2014-04-23 15:00:20+02
1239;15;1500;2014-04-23 18:09:05+02
1240;14;650;2014-04-23 18:10:05+02
1241;1789;1000;2014-04-23 20:16:40+02
1242;65;1300;2014-04-25 17:20:30+02
1243;1775;1500;2014-04-25 17:21:01+02
1244;1826;500;2014-04-25 17:21:19+02
1245;27;2000;2014-04-25 17:21:31+02
1246;1827;0;2014-04-28 11:27:17+02
1247;1827;0;2014-04-28 11:29:39+02
1248;1827;0;2014-04-28 11:37:30+02
1249;1827;0;2014-04-28 11:37:42+02
1250;1827;0;2014-04-28 15:35:40+02
1251;1827;0;2014-04-28 16:21:32+02
1252;1792;5500;2014-04-30 14:27:34+02
1253;1792;5500;2014-04-30 14:28:11+02
1254;11;1200;2014-04-30 17:07:45+02
1255;1827;0;2014-05-01 12:41:57+02
1256;1825;5500;2014-05-02 16:47:20+02
1257;1775;1500;2014-05-02 16:47:32+02
1258;65;1300;2014-05-02 16:47:43+02
1259;1826;500;2014-05-02 16:47:57+02
1260;27;2000;2014-05-02 17:22:12+02
1261;27;2000;2014-05-07 17:52:39+02
1262;27;2000;2014-05-07 17:53:31+02
1263;1789;1000;2014-05-07 18:17:06+02
1264;27;2000;2014-05-07 18:19:08+02
1265;27;2000;2014-05-07 18:19:30+02
1266;65;1300;2014-05-09 23:10:15+02
1267;1775;1500;2014-05-09 23:11:08+02
1268;49;50000;2014-05-20 14:19:48+02
1269;50;15000;2014-05-20 14:19:55+02
1270;1789;1000;2014-05-21 18:30:28+02
1271;1789;1000;2014-05-21 18:31:27+02
1272;1789;1000;2014-05-21 18:32:13+02
1273;50;15000;2014-06-16 13:50:43+02
1274;49;50000;2014-06-16 13:50:58+02
1275;50;15000;2014-06-24 13:59:52+02
1276;49;50000;2014-06-24 14:00:06+02
1277;65;1300;2014-09-02 17:15:31+02
1278;51;33300;2014-09-03 17:29:07+02
1279;50;15000;2014-09-03 17:29:59+02
1280;49;50000;2014-09-03 17:30:07+02
1281;51;33300;2014-09-05 10:21:00+02
1282;51;33300;2014-09-05 17:57:42+02
1283;65;1300;2014-09-05 22:38:38+02
1284;1775;1500;2014-09-05 22:38:59+02
1285;1775;1500;2014-09-08 15:54:58+02
1286;65;1300;2014-09-08 15:55:37+02
1287;1829;500;2014-09-10 14:10:42+02
1288;1829;500;2014-09-10 14:19:10+02
1289;27;2000;2014-09-11 14:11:15+02
1290;27;2000;2014-09-11 14:11:57+02
1291;1829;500;2014-09-12 11:33:20+02
1292;65;1300;2014-09-12 17:06:46+02
1293;1775;1500;2014-09-12 17:07:07+02
1294;65;1300;2014-09-12 17:07:19+02
1295;1767;1500;2014-09-12 17:25:17+02
1296;51;33300;2014-09-12 20:24:53+02
1297;55;22200;2014-09-12 20:25:27+02
1298;1775;1500;2014-09-12 20:38:36+02
1299;65;1300;2014-09-12 20:39:31+02
1300;65;1300;2014-09-12 20:59:15+02
1301;55;22200;2014-09-16 18:50:09+02
1302;51;33300;2014-09-16 19:07:53+02
1303;1775;1500;2014-09-19 19:50:55+02
1304;65;1300;2014-09-19 19:51:20+02
1305;1822;1500;2014-09-24 17:10:44+02
1306;1822;1500;2014-09-24 17:11:12+02
1307;22;3000;2014-09-24 17:11:39+02
1308;40;100;2014-09-24 17:11:52+02
1309;15;1500;2014-09-24 17:12:46+02
1310;29;850;2014-09-24 17:14:23+02
1311;1826;500;2014-09-24 17:17:08+02
1312;1829;500;2014-09-24 17:17:13+02
1313;46;10000;2014-09-24 17:17:21+02
1314;64;3000;2014-09-24 17:17:37+02
1315;65;1300;2014-09-24 17:17:47+02
1316;66;1500;2014-09-24 17:17:56+02
1317;68;1000;2014-09-24 17:18:05+02
1318;1775;1500;2014-09-24 17:18:17+02
1319;1778;4500;2014-09-24 17:18:25+02
1320;1779;1000;2014-09-24 17:18:35+02
1321;1782;12500;2014-09-24 17:18:44+02
1322;1781;30000;2014-09-24 17:18:52+02
1323;1785;1000;2014-09-24 17:19:06+02
1324;1786;2500;2014-09-24 17:19:14+02
1325;1789;1000;2014-09-24 17:19:36+02
1326;1792;5500;2014-09-24 17:20:02+02
1327;1797;1500;2014-09-24 17:20:34+02
1328;1820;1750;2014-09-24 17:20:42+02
1329;1825;5500;2014-09-24 17:21:03+02
1330;55;22200;2014-09-24 17:22:48+02
1331;1789;1000;2014-09-24 18:49:56+02
1332;1789;1000;2014-09-24 18:50:20+02
1333;65;1300;2014-09-26 17:06:38+02
1334;1775;1500;2014-09-26 17:46:46+02
1335;1830;15000;2014-09-30 12:21:16+02
1336;1830;15000;2014-09-30 12:22:21+02
1337;65;1300;2014-10-03 14:40:44+02
1338;1775;1500;2014-10-03 14:41:02+02
1339;1826;500;2014-10-03 18:43:22+02
1340;27;1300;2014-10-03 19:16:50+02
1341;51;0;2014-10-04 22:42:28+02
1342;51;33300;2014-10-04 22:48:35+02
1343;55;22200;2014-10-06 18:38:37+02
1344;51;33300;2014-10-06 18:38:50+02
1345;1789;1000;2014-10-08 18:42:08+02
1346;1831;1300;2014-10-10 18:57:11+02
1347;1831;1500;2014-10-10 18:57:26+02
1348;1826;500;2014-10-10 18:57:48+02
1349;1767;1500;2014-10-10 18:58:23+02
1350;1814;1500;2014-10-10 18:58:45+02
1351;1832;10000;2014-10-11 03:01:48+02
1352;22;5000;2014-10-12 13:56:30+02
1353;1832;10000;2014-10-12 13:56:43+02
1354;14;650;2014-10-12 13:56:59+02
1355;13;1000;2014-10-12 13:57:22+02
1356;1829;500;2014-10-15 12:21:34+02
1357;1832;10000;2014-10-15 13:29:30+02
1358;65;1300;2014-10-17 16:00:58+02
1359;1775;1500;2014-10-17 16:01:26+02
1360;1830;15000;2014-10-21 15:36:11+02
1361;1829;500;2014-10-24 14:40:39+02
1362;22;5000;2014-10-24 14:40:54+02
1363;65;1300;2014-10-24 17:25:08+02
1364;1775;1500;2014-10-24 17:25:28+02
1365;27;1500;2014-10-24 21:38:33+02
1366;1814;1500;2014-10-24 21:38:54+02
1367;1833;1500;2014-10-24 21:39:28+02
1368;1775;1500;2014-10-25 01:56:04+02
1369;65;1300;2014-10-25 01:56:14+02
1370;1833;1500;2014-10-25 19:41:16+02
1371;1834;0;2014-10-27 16:29:03+01
1372;1834;0;2014-10-27 17:23:23+01
1373;27;1500;2014-10-30 19:31:44+01
1374;1814;1500;2014-10-30 19:32:04+01
1375;65;1300;2014-10-31 16:56:09+01
1376;1775;1500;2014-10-31 16:56:31+01
1377;29;850;2014-11-05 15:44:53+01
1378;1804;1500;2014-11-06 13:08:54+01
1379;1833;1500;2014-11-06 13:09:23+01
1380;1808;1000;2014-11-06 13:51:02+01
1381;1826;500;2014-11-06 15:00:18+01
1382;1826;500;2014-11-06 15:00:31+01
1383;1825;999999;2014-11-07 12:02:06+01
1384;66;1500;2014-11-07 12:02:45+01
1385;66;2100;2014-11-07 12:03:06+01
1386;65;1800;2014-11-07 12:03:21+01
1387;1775;1500;2014-11-07 12:03:52+01
1388;1820;1750;2014-11-07 12:04:52+01
1389;1775;1500;2014-11-07 12:05:04+01
1390;1820;1750;2014-11-07 12:05:49+01
1391;65;1800;2014-11-07 12:06:18+01
1392;65;1800;2014-11-07 12:06:35+01
1393;29;850;2014-11-07 12:06:58+01
1394;66;2100;2014-11-07 15:22:51+01
1395;65;1800;2014-11-07 15:23:04+01
1396;1775;1500;2014-11-07 15:23:33+01
1397;1820;1750;2014-11-07 15:23:47+01
1398;1820;1750;2014-11-07 15:42:12+01
1399;1775;1500;2014-11-07 15:42:31+01
1400;1820;1750;2014-11-07 15:45:02+01
1401;1775;1500;2014-11-07 15:45:24+01
1402;46;11100;2014-11-07 16:16:15+01
1403;46;11100;2014-11-07 18:52:08+01
1404;27;1500;2014-11-07 18:54:11+01
1405;22;5000;2014-11-07 18:54:24+01
1406;66;2100;2014-11-12 16:12:11+01
1407;65;1800;2014-11-12 16:12:29+01
1408;1834;0;2014-11-14 13:42:54+01
1409;65;1800;2014-11-14 13:43:28+01
1410;66;2100;2014-11-14 13:43:44+01
1411;1830;15000;2014-11-14 13:43:54+01
1412;1820;1750;2014-11-14 13:44:05+01
1413;1789;1000;2014-11-14 13:44:13+01
1414;1775;1500;2014-11-14 13:44:27+01
1415;1775;1500;2014-11-14 17:44:24+01
1416;1820;1750;2014-11-14 17:45:14+01
1417;1820;1750;2014-11-14 17:51:12+01
1418;1775;1500;2014-11-21 16:10:09+01
1419;66;2100;2014-11-21 16:10:25+01
1420;65;1800;2014-11-21 16:10:39+01
1421;1775;1500;2014-11-21 16:10:52+01
1422;1775;1500;2014-11-21 16:11:09+01
1423;1820;1750;2014-11-21 16:11:21+01
1424;65;1800;2014-11-21 16:49:50+01
1425;66;2100;2014-11-21 16:50:03+01
1426;1820;1750;2014-11-21 16:50:32+01
1427;1775;1500;2014-11-21 16:50:49+01
1428;1820;1750;2014-11-25 20:21:23+01
1429;1775;1500;2014-11-25 20:21:44+01
1430;66;2100;2014-11-25 20:22:17+01
1431;65;1800;2014-11-25 20:22:39+01
1432;1808;1000;2014-11-25 20:23:43+01
1433;1776;1650;2014-11-27 15:38:52+01
1434;66;2100;2014-11-28 15:56:40+01
1435;65;1800;2014-11-28 15:56:59+01
1436;1820;1750;2014-11-28 15:57:17+01
1437;1775;1500;2014-11-28 15:57:34+01
1438;46;11100;2014-12-03 13:47:17+01
1439;41;10000;2014-12-05 18:21:33+01
1440;66;1500;2014-12-05 18:22:56+01
1441;65;1300;2014-12-05 18:23:19+01
1442;41;10000;2014-12-12 14:28:20+01
1443;1820;1750;2014-12-12 18:19:28+01
1444;1820;1750;2014-12-12 18:19:41+01
1445;1775;1500;2014-12-12 18:19:52+01
1446;66;1500;2014-12-17 11:44:13+01
1447;65;1300;2014-12-17 11:44:20+01
1448;66;1500;2014-12-17 12:23:34+01
1449;65;1300;2014-12-17 12:23:34+01
1450;66;1500;2014-12-17 12:23:39+01
1451;65;1300;2014-12-17 12:23:39+01
1452;1825;999999;2014-12-19 11:55:14+01
1453;1820;1750;2014-12-19 11:55:14+01
1454;1803;1100;2014-12-19 11:55:14+01
1455;1775;1500;2014-12-19 11:55:14+01
1456;66;1500;2014-12-19 11:55:14+01
1457;65;1300;2014-12-19 11:55:14+01
1458;1825;999999;2014-12-19 11:55:22+01
1459;1820;1750;2014-12-19 11:55:22+01
1460;1803;1100;2014-12-19 11:55:22+01
1461;1775;1500;2014-12-19 11:55:22+01
1462;66;1500;2014-12-19 11:55:22+01
1463;65;1300;2014-12-19 11:55:22+01
1464;1825;999999;2014-12-19 11:55:28+01
1465;1820;1750;2014-12-19 11:55:28+01
1466;1803;1100;2014-12-19 11:55:28+01
1467;1775;1500;2014-12-19 11:55:28+01
1468;66;1500;2014-12-19 11:55:28+01
1469;65;1300;2014-12-19 11:55:28+01
1470;1825;999999;2014-12-19 11:55:48+01
1471;1820;1750;2014-12-19 11:55:48+01
1472;1803;1100;2014-12-19 11:55:48+01
1473;1775;1500;2014-12-19 11:55:48+01
1474;66;1500;2014-12-19 11:55:49+01
1475;65;1300;2014-12-19 11:55:49+01
1476;1825;999999;2014-12-19 11:58:44+01
1477;1820;1750;2014-12-19 11:58:44+01
1478;1803;1100;2014-12-19 11:58:44+01
1479;1775;1500;2014-12-19 11:58:44+01
1480;66;1500;2014-12-19 11:58:44+01
1481;65;1300;2014-12-19 11:58:44+01
1482;1825;999999;2014-12-19 11:58:51+01
1483;1820;1750;2014-12-19 11:58:51+01
1484;1803;1100;2014-12-19 11:58:51+01
1485;1775;1500;2014-12-19 11:58:51+01
1486;66;1500;2014-12-19 11:58:51+01
1487;65;1300;2014-12-19 11:58:51+01
1488;1820;1750;2014-12-19 11:59:03+01
1489;1775;1500;2014-12-19 11:59:03+01
1490;1830;4000;2015-01-05 12:13:20+01
1491;1830;4000;2015-01-05 12:13:34+01
1492;66;1500;2015-02-06 15:34:20+01
1493;65;1300;2015-02-06 15:34:20+01
1494;66;1800;2015-02-06 15:36:19+01
1495;66;2100;2015-02-06 15:36:37+01
1496;65;1800;2015-02-06 15:36:48+01
1497;1825;999999;2015-02-06 19:43:18+01
1498;1825;6000;2015-02-06 19:44:51+01
1499;1825;6000;2015-02-09 13:56:35+01
1500;66;2100;2015-02-09 13:56:35+01
1501;65;1800;2015-02-09 13:56:35+01
1502;1797;1500;2015-02-13 13:58:18+01
1503;1775;1500;2015-02-13 15:53:37+01
1504;65;1800;2015-02-13 15:53:37+01
1505;65;1800;2015-02-13 15:56:19+01
1506;1797;1500;2015-02-17 15:03:40+01
1507;1797;1500;2015-02-17 15:03:52+01
1508;1775;1500;2015-02-17 15:04:12+01
1509;65;1800;2015-02-17 15:04:12+01
1510;65;1800;2015-02-18 11:06:17+01
1511;1797;1500;2015-02-18 11:35:47+01
1512;1775;1500;2015-02-20 13:46:32+01
1513;65;1800;2015-02-20 13:46:32+01
1514;29;750;2015-02-23 15:51:40+01
1515;1775;1500;2015-02-24 17:23:05+01
1516;65;1800;2015-02-24 17:23:05+01
1517;29;650;2015-02-26 12:53:16+01
1518;1775;1500;2015-02-27 15:19:28+01
1519;65;1800;2015-02-27 15:19:28+01
1520;1775;1500;2015-03-02 14:48:11+01
1521;65;1800;2015-03-02 14:48:11+01
1522;1835;3500;2015-03-03 10:50:09+01
1523;1836;5000;2015-03-03 10:51:20+01
1524;1775;1500;2015-03-06 14:17:12+01
1525;65;1800;2015-03-06 14:17:12+01
1526;1778;4500;2015-03-09 13:03:49+01
1527;1775;1500;2015-03-09 13:04:03+01
1528;65;1800;2015-03-09 13:04:03+01
1529;1778;4500;2015-03-09 13:18:22+01
1530;29;650;2015-03-11 14:28:09+01
1531;1776;1650;2015-03-11 14:31:47+01
1532;13;1000;2015-03-11 14:32:45+01
1533;15;1500;2015-03-11 14:33:53+01
1534;1830;4000;2015-03-13 18:21:16+01
1535;1775;1500;2015-03-13 20:04:44+01
1536;65;1800;2015-03-13 20:04:44+01
1537;65;1300;2015-03-13 20:06:59+01
1538;1775;1500;2015-03-16 12:05:07+01
1539;65;1300;2015-03-16 12:05:07+01
1540;1836;5000;2015-03-17 14:32:34+01
1541;1835;3500;2015-03-17 14:32:49+01
1542;1836;5000;2015-03-17 15:14:26+01
1543;1835;3500;2015-03-17 15:14:34+01
1544;1833;1200;2015-03-20 15:53:43+01
1545;27;1500;2015-03-20 15:54:10+01
1546;1837;1200;2015-03-20 15:54:45+01
1547;29;650;2015-03-20 15:55:12+01
1548;29;650;2015-03-20 15:55:24+01
1549;1778;4500;2015-03-25 11:00:55+01
1550;1778;4500;2015-03-25 11:07:30+01
1552;44;500;2015-03-25 13:03:09+01
1553;1778;4500;2015-03-25 13:38:49+01
1554;1820;1750;2015-03-27 16:45:19+01
1555;65;1300;2015-03-27 16:45:19+01
1556;44;500;2015-03-27 16:45:32+01
1557;41;10000;2015-03-27 16:46:05+01
1558;22;5000;2015-03-27 18:12:57+01
1559;22;5000;2015-03-27 20:17:51+01
1560;44;500;2015-03-30 12:11:02+02
1561;1820;1750;2015-03-30 12:11:20+02
1562;65;1300;2015-03-30 12:11:20+02
1563;41;10000;2015-03-30 12:11:44+02
1564;1775;1500;2015-04-10 16:55:54+02
1565;65;1300;2015-04-10 16:55:54+02
1566;44;500;2015-04-10 17:13:00+02
1567;44;500;2015-04-10 17:43:21+02
1568;1775;1500;2015-04-13 12:50:13+02
1569;65;1300;2015-04-13 12:50:13+02
1570;44;500;2015-04-13 12:50:47+02
1571;65;1800;2015-04-17 12:32:41+02
1572;1775;1500;2015-04-17 16:24:36+02
1573;65;1800;2015-04-17 16:24:36+02
1574;1775;1500;2015-04-20 14:41:24+02
1575;65;1800;2015-04-20 14:41:24+02
1576;1775;1500;2015-04-24 16:07:28+02
1577;65;1800;2015-04-24 16:07:28+02
1578;65;1300;2015-04-24 20:32:00+02
1579;1775;1500;2015-04-27 14:39:03+02
1580;65;1300;2015-04-27 14:39:03+02
1581;27;1500;2015-04-27 14:39:13+02
1582;48;1000;2015-04-29 14:56:28+02
1583;48;1000;2015-04-29 17:50:21+02
1584;1837;1200;2015-04-30 14:11:20+02
1585;1835;3500;2015-04-30 14:11:30+02
1586;1778;4500;2015-04-30 14:11:49+02
1587;1836;5000;2015-04-30 14:12:00+02
1588;34;1300;2015-04-30 14:30:33+02
1589;11;1200;2015-04-30 14:40:22+02
1590;1839;9;2015-04-30 14:47:42+02
1591;1833;1200;2015-04-30 14:47:59+02
1592;11;1200;2015-04-30 14:48:22+02
1593;1839;900;2015-04-30 14:48:41+02
1594;13;900;2015-04-30 14:51:50+02
1595;13;850;2015-04-30 14:52:51+02
1596;29;650;2015-04-30 14:53:24+02
1597;14;650;2015-04-30 14:54:21+02
1598;1840;1000;2015-04-30 14:55:06+02
1599;37;1350;2015-04-30 14:55:56+02
1600;16;1500;2015-04-30 14:58:07+02
1601;1814;1500;2015-04-30 14:58:45+02
1602;1776;1650;2015-04-30 14:59:09+02
1603;1804;1400;2015-04-30 15:02:57+02
1604;11;1150;2015-04-30 15:05:51+02
1605;37;1300;2015-04-30 15:06:04+02
1606;1841;0;2015-04-30 17:28:02+02
1607;48;1000;2015-04-30 17:29:27+02
1608;1841;0;2015-04-30 17:34:12+02
1609;48;1000;2015-05-05 12:01:28+02
1610;34;1300;2015-05-08 12:51:47+02
1611;1841;0;2015-05-08 14:00:57+02
1612;27;1500;2015-05-11 16:37:40+02
1613;1841;0;2015-05-11 17:23:06+02
1614;50;15000;2015-05-18 14:08:30+02
1615;49;50000;2015-05-18 14:08:30+02
1616;49;50000;2015-06-17 13:41:35+02
1617;50;15000;2015-06-17 13:41:55+02
1618;50;15000;2015-06-19 15:57:38+02
1619;49;50000;2015-06-19 15:57:51+02
1620;49;50000;2015-06-19 16:00:06+02
1621;50;15000;2015-06-19 16:00:11+02
1622;65;1500;2015-09-02 17:28:35+02
1623;65;1800;2015-09-04 17:07:42+02
1624;51;33300;2015-09-08 14:32:17+02
1625;1833;1500;2015-09-18 12:23:49+02
1626;65;1500;2015-09-18 17:31:59+02
1627;1830;4000;2015-09-18 18:56:07+02
1628;1830;4000;2015-09-29 18:47:46+02
1629;65;1800;2015-10-02 17:04:44+02
1630;51;0;2015-10-05 12:20:06+02
1631;51;33300;2015-10-05 12:27:15+02
1632;51;0;2015-10-06 14:19:35+02
1633;65;1500;2015-10-09 16:16:56+02
1634;13;850;2015-10-09 18:58:12+02
1635;27;1500;2015-10-09 18:58:37+02
1636;1840;1000;2015-10-09 18:58:57+02
1637;34;1300;2015-10-09 18:59:27+02
1638;44;500;2015-10-09 18:59:47+02
1639;1833;1500;2015-10-09 19:00:09+02
1640;1826;500;2015-10-09 19:00:26+02
1641;65;1800;2015-10-09 19:01:00+02
1642;50;15000;2015-10-09 19:01:58+02
1643;50;15000;2015-10-09 19:02:09+02
1644;49;50000;2015-10-09 19:02:23+02
1645;48;1000;2015-10-09 19:02:36+02
1646;1814;1500;2015-10-09 19:04:43+02
1647;11;1150;2015-10-09 19:05:31+02
1648;14;650;2015-10-09 19:06:17+02
1649;14;700;2015-10-09 19:06:55+02
1650;16;1500;2015-10-09 19:07:34+02
1651;1842;2000;2015-10-09 20:56:44+02
1652;1832;10000;2015-10-09 20:56:58+02
1653;64;4000;2015-10-09 20:57:34+02
1654;64;4000;2015-10-09 20:58:00+02
1655;27;1500;2015-10-10 02:29:51+02
1656;14;650;2015-10-13 15:55:10+02
1657;1835;3500;2015-10-16 13:22:23+02
1658;1836;5000;2015-10-16 13:22:53+02
1659;1836;5000;2015-10-16 13:23:06+02
1660;1835;3500;2015-10-16 13:23:16+02
1661;1842;2000;2015-10-16 13:23:40+02
1662;1836;5500;2015-10-16 13:50:11+02
1663;13;850;2015-10-16 17:50:13+02
1664;65;1500;2015-10-16 17:51:40+02
1665;44;500;2015-10-23 18:33:11+02
1666;1835;3500;2015-10-26 18:54:35+01
1667;1836;5500;2015-10-26 18:54:47+01
1668;1836;5500;2015-10-30 11:04:52+01
1669;1835;3500;2015-10-30 11:05:14+01
1670;64;4000;2015-10-30 11:05:33+01
1671;65;1500;2015-10-30 11:05:41+01
1672;1814;1500;2015-10-30 11:05:52+01
1673;1832;10000;2015-10-30 11:06:04+01
1674;44;500;2015-10-30 11:06:12+01
1675;27;1500;2015-10-30 11:06:25+01
1676;11;1150;2015-10-30 11:06:42+01
1677;16;1500;2015-10-30 11:06:53+01
1678;14;650;2015-10-30 11:07:03+01
1679;44;500;2015-10-30 16:21:26+01
1680;65;1800;2015-10-30 16:22:36+01
1681;1804;1000;2015-10-30 17:35:21+01
1682;1833;1150;2015-10-30 17:36:56+01
1683;1804;1000;2015-10-30 17:37:25+01
1684;27;1500;2015-10-30 17:38:14+01
1685;1804;1500;2015-11-02 11:07:18+01
1686;1804;1000;2015-11-02 11:07:41+01
1687;1804;1500;2015-11-02 11:08:36+01
1688;1843;500;2015-11-06 19:57:47+01
1689;14;700;2015-11-11 20:20:03+01
1690;1;100;2015-11-11 20:31:38+01
1691;14;650;2015-11-11 20:45:25+01
1692;1808;1000;2015-11-13 15:41:59+01
1693;29;650;2015-11-13 15:42:49+01
1694;66;2100;2015-11-13 15:43:13+01
1695;65;1500;2015-11-13 15:44:22+01
1696;66;1800;2015-11-13 15:44:33+01
1697;46;10000;2015-11-20 12:57:47+01
1698;46;10000;2015-12-01 12:59:20+01
1699;56;10000;2015-12-03 12:58:51+01
1700;1840;1000;2015-12-03 12:59:06+01
1701;1825;6000;2015-12-03 12:59:06+01
1702;1820;1750;2015-12-03 12:59:06+01
1703;1812;2000;2015-12-03 12:59:06+01
1704;1803;1100;2015-12-03 12:59:07+01
1705;1779;1000;2015-12-03 12:59:07+01
1706;1775;1500;2015-12-03 12:59:07+01
1707;1773;450;2015-12-03 12:59:07+01
1708;56;10000;2015-12-03 12:59:15+01
1709;1843;500;2015-12-03 12:59:22+01
1710;1775;1500;2015-12-03 12:59:37+01
1711;1833;1150;2015-12-03 12:59:50+01
1712;27;1500;2015-12-03 13:00:03+01
1713;44;500;2015-12-03 13:00:15+01
1714;65;1500;2015-12-03 13:00:24+01
1715;65;1500;2015-12-03 13:00:24+01
1716;66;1800;2015-12-03 13:00:32+01
1717;1773;450;2015-12-03 13:00:40+01
1718;1779;1000;2015-12-03 13:00:46+01
1719;1803;1100;2015-12-03 13:00:54+01
1720;1812;2000;2015-12-03 13:01:00+01
1721;1840;1000;2015-12-03 13:01:07+01
1722;1825;6000;2015-12-03 13:01:13+01
1723;1820;1750;2015-12-03 13:01:18+01
1724;29;650;2015-12-03 13:01:29+01
1725;1808;1000;2015-12-03 13:01:49+01
1726;15;1500;2015-12-03 13:02:58+01
1727;15;1500;2015-12-03 13:03:31+01
1728;1776;1650;2015-12-03 13:04:07+01
1729;15;1500;2015-12-03 13:27:56+01
1730;1844;1000;2015-12-03 13:28:08+01
1731;15;1500;2015-12-03 13:28:20+01
1732;1844;1000;2015-12-03 13:28:29+01
1733;22;5000;2015-12-04 15:03:51+01
1734;41;10000;2015-12-04 15:04:01+01
1735;44;500;2015-12-04 20:40:46+01
1736;41;10000;2015-12-04 21:05:49+01
1737;41;10000;2015-12-04 22:08:00+01
1738;41;10000;2015-12-09 16:39:36+01
1739;65;1500;2015-12-11 16:54:21+01
1740;66;1800;2015-12-11 16:54:31+01
1741;11;1150;2016-02-03 11:01:20+01
1742;1845;1500;2016-02-03 12:33:27+01
1743;66;1800;2016-02-12 16:18:52+01
1744;65;1800;2016-02-12 16:19:07+01
1745;1831;1500;2016-02-12 16:40:21+01
1746;1776;1650;2016-02-12 16:41:46+01
1747;1846;1200;2016-02-12 16:42:46+01
1748;1844;1200;2016-02-12 16:42:53+01
1749;1847;1000;2016-02-12 16:43:50+01
1750;1808;1000;2016-02-12 16:44:00+01
1751;22;5000;2016-02-12 16:44:23+01
1752;31;15;2016-02-18 12:12:37+01
1753;1848;1;2016-02-18 12:12:53+01
1754;1849;3;2016-02-18 12:13:01+01
1755;1849;300;2016-02-18 20:42:34+01
1756;1848;100;2016-02-18 20:42:46+01
1757;31;1500;2016-02-18 20:43:03+01
1758;65;1500;2016-02-19 16:15:34+01
1759;1830;4000;2016-02-26 16:04:56+01
1760;1836;5500;2016-02-26 17:25:05+01
1761;1836;5500;2016-02-26 17:25:13+01
1762;1835;3500;2016-02-26 17:25:49+01
1763;1804;1000;2016-03-18 15:25:47+01
1764;27;1500;2016-03-18 15:26:03+01
1765;1804;1500;2016-03-23 13:09:15+01
1766;1778;5500;2016-03-23 13:10:58+01
1767;1849;300;2016-04-01 17:11:27+02
1768;1848;100;2016-04-01 17:11:27+02
1769;1847;1000;2016-04-01 17:11:27+02
1770;1846;1200;2016-04-01 17:11:27+02
1771;1845;1500;2016-04-01 17:11:27+02
1772;1844;1200;2016-04-01 17:11:27+02
1773;1843;500;2016-04-01 17:11:27+02
1774;1842;2000;2016-04-01 17:11:27+02
1775;1841;0;2016-04-01 17:11:27+02
1776;1840;1000;2016-04-01 17:11:27+02
1777;1839;900;2016-04-01 17:11:27+02
1778;1837;1200;2016-04-01 17:11:27+02
1779;1836;5500;2016-04-01 17:11:27+02
1780;1835;3500;2016-04-01 17:11:27+02
1781;1834;0;2016-04-01 17:11:27+02
1782;1833;1150;2016-04-01 17:11:27+02
1783;1832;10000;2016-04-01 17:11:27+02
1784;1831;1500;2016-04-01 17:11:27+02
1785;1830;4000;2016-04-01 17:11:27+02
1786;1829;500;2016-04-01 17:11:27+02
1787;1827;0;2016-04-01 17:11:27+02
1788;1826;500;2016-04-01 17:11:27+02
1789;1825;6000;2016-04-01 17:11:27+02
1790;1824;500;2016-04-01 17:11:27+02
1791;1823;600;2016-04-01 17:11:27+02
1792;1822;1500;2016-04-01 17:11:27+02
1793;1821;28800;2016-04-01 17:11:27+02
1794;1820;1750;2016-04-01 17:11:27+02
1795;1819;0;2016-04-01 17:11:27+02
1796;1817;500;2016-04-01 17:11:27+02
1797;1816;1200;2016-04-01 17:11:27+02
1798;1815;1000;2016-04-01 17:11:27+02
1799;1814;1500;2016-04-01 17:11:27+02
1800;1813;500;2016-04-01 17:11:27+02
1801;1812;2000;2016-04-01 17:11:27+02
1802;1811;0;2016-04-01 17:11:27+02
1803;1810;1000;2016-04-01 17:11:27+02
1804;1809;3100;2016-04-01 17:11:27+02
1805;1808;1000;2016-04-01 17:11:27+02
1806;1807;3600;2016-04-01 17:11:27+02
1807;1806;500;2016-04-01 17:11:27+02
1808;1805;6900;2016-04-01 17:11:27+02
1809;1804;1500;2016-04-01 17:11:27+02
1810;1803;1100;2016-04-01 17:11:27+02
1811;1802;500;2016-04-01 17:11:27+02
1812;1801;4800;2016-04-01 17:11:27+02
1813;1800;700;2016-04-01 17:11:27+02
1814;1799;900;2016-04-01 17:11:27+02
1815;1798;1100;2016-04-01 17:11:27+02
1816;1797;1500;2016-04-01 17:11:27+02
1817;1796;400;2016-04-01 17:11:27+02
1818;1795;550;2016-04-01 17:11:27+02
1819;1794;800;2016-04-01 17:11:27+02
1820;1793;850;2016-04-01 17:11:27+02
1821;1792;5500;2016-04-01 17:11:27+02
1822;1791;1200;2016-04-01 17:11:27+02
1823;1790;1500;2016-04-01 17:11:27+02
1824;1789;1000;2016-04-01 17:11:27+02
1825;1787;1400;2016-04-01 17:11:27+02
1826;1786;2500;2016-04-01 17:11:27+02
1827;1785;1000;2016-04-01 17:11:27+02
1828;1784;23100;2016-04-01 17:11:27+02
1829;1783;1000;2016-04-01 17:11:27+02
1830;1782;12500;2016-04-01 17:11:27+02
1831;1781;30000;2016-04-01 17:11:27+02
1832;1780;1700;2016-04-01 17:11:27+02
1833;1779;1000;2016-04-01 17:11:27+02
1834;1778;5500;2016-04-01 17:11:27+02
1835;1777;1000;2016-04-01 17:11:27+02
1836;1776;1650;2016-04-01 17:11:27+02
1837;1775;1500;2016-04-01 17:11:27+02
1838;1774;900;2016-04-01 17:11:27+02
1839;1773;450;2016-04-01 17:11:27+02
1840;1772;2000;2016-04-01 17:11:27+02
1841;1771;50000;2016-04-01 17:11:27+02
1842;1770;1500;2016-04-01 17:11:27+02
1843;1769;800;2016-04-01 17:11:27+02
1844;1768;500;2016-04-01 17:11:27+02
1845;1767;1500;2016-04-01 17:11:27+02
1846;68;1000;2016-04-01 17:11:27+02
1847;67;800;2016-04-01 17:11:27+02
1848;66;1800;2016-04-01 17:11:27+02
1849;65;1500;2016-04-01 17:11:27+02
1850;64;4000;2016-04-01 17:11:27+02
1851;63;2000;2016-04-01 17:11:27+02
1852;62;5000;2016-04-01 17:11:27+02
1853;61;0;2016-04-01 17:11:27+02
1854;60;5000;2016-04-01 17:11:27+02
1855;59;250000;2016-04-01 17:11:27+02
1856;58;800;2016-04-01 17:11:27+02
1857;57;1500;2016-04-01 17:11:27+02
1858;56;10000;2016-04-01 17:11:27+02
1859;55;22200;2016-04-01 17:11:27+02
1860;54;950;2016-04-01 17:11:27+02
1861;53;12000;2016-04-01 17:11:27+02
1862;52;1000;2016-04-01 17:11:27+02
1863;51;0;2016-04-01 17:11:27+02
1864;50;15000;2016-04-01 17:11:27+02
1865;49;50000;2016-04-01 17:11:27+02
1866;48;1000;2016-04-01 17:11:27+02
1867;1849;300;2016-04-01 17:12:00+02
1868;1848;100;2016-04-01 17:12:12+02
1869;1839;900;2016-04-01 17:12:20+02
1870;1843;500;2016-04-01 17:12:31+02
1871;1842;2000;2016-04-01 17:12:40+02
1872;48;1000;2016-04-01 17:12:53+02
1873;1849;300;2016-04-01 17:13:07+02
1874;1848;100;2016-04-01 17:13:07+02
1875;1847;1000;2016-04-01 17:13:07+02
1876;1846;1200;2016-04-01 17:13:07+02
1877;1845;1500;2016-04-01 17:13:07+02
1878;1844;1200;2016-04-01 17:13:07+02
1879;1843;500;2016-04-01 17:13:07+02
1880;1842;2000;2016-04-01 17:13:07+02
1881;1841;0;2016-04-01 17:13:07+02
1882;1840;1000;2016-04-01 17:13:07+02
1883;1839;900;2016-04-01 17:13:07+02
1884;1837;1200;2016-04-01 17:13:07+02
1885;1836;5500;2016-04-01 17:13:07+02
1886;1835;3500;2016-04-01 17:13:07+02
1887;1834;0;2016-04-01 17:13:07+02
1888;1833;1150;2016-04-01 17:13:07+02
1889;1832;10000;2016-04-01 17:13:07+02
1890;1831;1500;2016-04-01 17:13:07+02
1891;1830;4000;2016-04-01 17:13:07+02
1892;1829;500;2016-04-01 17:13:07+02
1893;1827;0;2016-04-01 17:13:07+02
1894;1826;500;2016-04-01 17:13:07+02
1895;1825;6000;2016-04-01 17:13:07+02
1896;1824;500;2016-04-01 17:13:07+02
1897;1823;600;2016-04-01 17:13:07+02
1898;1822;1500;2016-04-01 17:13:07+02
1899;1821;28800;2016-04-01 17:13:07+02
1900;1820;1750;2016-04-01 17:13:07+02
1901;1819;0;2016-04-01 17:13:07+02
1902;1817;500;2016-04-01 17:13:07+02
1903;1816;1200;2016-04-01 17:13:07+02
1904;1815;1000;2016-04-01 17:13:07+02
1905;1814;1500;2016-04-01 17:13:07+02
1906;1813;500;2016-04-01 17:13:07+02
1907;1812;2000;2016-04-01 17:13:07+02
1908;1811;0;2016-04-01 17:13:07+02
1909;1810;1000;2016-04-01 17:13:07+02
1910;1809;3100;2016-04-01 17:13:07+02
1911;1808;1000;2016-04-01 17:13:07+02
1912;1807;3600;2016-04-01 17:13:07+02
1913;1806;500;2016-04-01 17:13:07+02
1914;1805;6900;2016-04-01 17:13:07+02
1915;1804;1500;2016-04-01 17:13:07+02
1916;1803;1100;2016-04-01 17:13:07+02
1917;1802;500;2016-04-01 17:13:07+02
1918;1801;4800;2016-04-01 17:13:07+02
1919;1800;700;2016-04-01 17:13:07+02
1920;1799;900;2016-04-01 17:13:07+02
1921;1798;1100;2016-04-01 17:13:07+02
1922;1797;1500;2016-04-01 17:13:07+02
1923;1796;400;2016-04-01 17:13:07+02
1924;1795;550;2016-04-01 17:13:07+02
1925;1794;800;2016-04-01 17:13:07+02
1926;1793;850;2016-04-01 17:13:07+02
1927;1792;5500;2016-04-01 17:13:07+02
1928;1791;1200;2016-04-01 17:13:07+02
1929;1790;1500;2016-04-01 17:13:07+02
1930;1789;1000;2016-04-01 17:13:07+02
1931;1787;1400;2016-04-01 17:13:07+02
1932;1786;2500;2016-04-01 17:13:07+02
1933;1785;1000;2016-04-01 17:13:07+02
1934;1784;23100;2016-04-01 17:13:07+02
1935;1783;1000;2016-04-01 17:13:07+02
1936;1782;12500;2016-04-01 17:13:07+02
1937;1781;30000;2016-04-01 17:13:07+02
1938;1780;1700;2016-04-01 17:13:07+02
1939;1779;1000;2016-04-01 17:13:07+02
1940;1778;5500;2016-04-01 17:13:07+02
1941;1777;1000;2016-04-01 17:13:07+02
1942;1776;1650;2016-04-01 17:13:07+02
1943;1775;1500;2016-04-01 17:13:07+02
1944;1774;900;2016-04-01 17:13:07+02
1945;1773;450;2016-04-01 17:13:07+02
1946;1772;2000;2016-04-01 17:13:07+02
1947;1771;50000;2016-04-01 17:13:07+02
1948;1770;1500;2016-04-01 17:13:07+02
1949;1769;800;2016-04-01 17:13:07+02
1950;1768;500;2016-04-01 17:13:07+02
1951;1767;1500;2016-04-01 17:13:07+02
1952;68;1000;2016-04-01 17:13:07+02
1953;67;800;2016-04-01 17:13:07+02
1954;66;1800;2016-04-01 17:13:07+02
1955;65;1500;2016-04-01 17:13:07+02
1956;64;4000;2016-04-01 17:13:07+02
1957;63;2000;2016-04-01 17:13:07+02
1958;62;5000;2016-04-01 17:13:07+02
1959;61;0;2016-04-01 17:13:07+02
1960;60;5000;2016-04-01 17:13:07+02
1961;59;250000;2016-04-01 17:13:07+02
1962;58;800;2016-04-01 17:13:07+02
1963;57;1500;2016-04-01 17:13:07+02
1964;56;10000;2016-04-01 17:13:07+02
1965;55;22200;2016-04-01 17:13:07+02
1966;54;950;2016-04-01 17:13:07+02
1967;53;12000;2016-04-01 17:13:07+02
1968;52;1000;2016-04-01 17:13:07+02
1969;51;0;2016-04-01 17:13:07+02
1970;50;15000;2016-04-01 17:13:07+02
1971;49;50000;2016-04-01 17:13:07+02
1972;48;1000;2016-04-01 17:13:07+02
1973;48;1000;2016-04-01 17:13:33+02
1974;1843;500;2016-04-01 17:13:43+02
1975;1842;2000;2016-04-01 17:13:57+02
1976;1836;5500;2016-04-01 17:14:05+02
1977;1835;3500;2016-04-01 17:14:13+02
1978;1830;4000;2016-04-01 17:14:45+02
1979;31;150;2016-04-01 17:15:41+02
1980;1804;1500;2016-04-01 17:16:09+02
1981;1848;100;2016-04-01 17:16:33+02
1982;1849;300;2016-04-01 17:16:43+02
1983;1778;5500;2016-04-06 15:56:41+02
1984;1839;900;2016-04-08 13:26:45+02
1985;1778;5500;2016-04-08 18:24:04+02
1986;41;10000;2016-04-08 19:53:16+02
1987;1778;5500;2016-04-08 21:36:02+02
1988;41;10000;2016-04-11 12:51:21+02
1989;1850;1150;2016-04-15 14:57:17+02
1990;1850;1150;2016-04-15 14:57:28+02
1991;1850;1150;2016-04-15 14:57:53+02
1992;1850;1150;2016-04-15 14:58:19+02
1993;1851;1500;2016-04-15 14:58:58+02
1994;1850;1150;2016-04-19 12:53:44+02
1995;1852;900;2016-04-19 12:54:15+02
1996;1792;5500;2016-05-02 14:06:25+02
1997;1853;500;2016-05-03 16:14:56+02
1998;1804;1500;2016-05-04 11:02:01+02
1999;1792;5500;2016-05-11 13:25:01+02
2000;1792;5500;2016-05-11 13:25:35+02
2001;1854;1500;2016-05-11 13:57:09+02
2002;1854;1500;2016-05-13 12:34:53+02
2003;1855;1750;2016-05-13 12:37:25+02
2004;1856;25000;2016-05-13 12:38:32+02
2005;1856;2500;2016-05-13 12:38:41+02
2006;1845;1650;2016-09-07 15:49:16+02
2007;1853;500;2016-09-07 15:50:57+02
2008;51;33300;2016-09-14 14:39:49+02
2009;55;22200;2016-09-19 17:13:30+02
2010;1830;4000;2016-09-30 16:47:35+02
2011;51;33300;2016-10-03 13:15:30+02
2012;55;22200;2016-10-03 13:16:02+02
2013;1837;1000;2016-10-04 11:42:30+02
2014;1857;350;2016-10-05 18:22:09+02
2015;1857;500;2016-10-06 10:48:38+02
2016;1857;500;2016-10-06 10:48:50+02
2017;1858;2200;2016-10-07 19:29:51+02
2018;51;33300;2016-10-10 10:58:11+02
2019;51;33300;2016-10-11 13:43:36+02
2020;1859;750;2016-10-14 19:39:43+02
2021;1859;123;2016-10-14 19:53:35+02
2022;1859;750;2016-10-14 19:56:14+02
2023;1860;150;2016-10-14 19:56:47+02
2024;1861;100;2016-10-14 19:57:01+02
2025;1861;10000;2016-10-14 19:57:46+02
2026;1860;15000;2016-10-14 19:58:07+02
2027;1860;1500;2016-10-14 19:58:27+02
2028;1862;2000;2016-10-14 19:59:00+02
2029;14;650;2016-10-14 21:23:13+02
2030;14;650;2016-10-14 21:23:14+02
2031;64;4000;2016-10-16 18:00:16+02
2032;1830;4000;2016-10-17 12:08:50+02
2033;1859;750;2016-10-19 14:55:18+02
2034;14;650;2016-10-19 14:55:46+02
2035;1862;2000;2016-10-19 14:55:53+02
2036;1861;10000;2016-10-19 14:56:01+02
2037;1860;1500;2016-10-19 14:56:07+02
2038;64;4000;2016-10-19 14:56:24+02
2039;1837;1200;2016-11-01 15:09:29+01
2040;1804;1200;2016-11-01 15:09:37+01
2041;46;10000;2016-11-09 13:16:42+01
2042;1808;1300;2016-11-15 16:01:44+01
2043;66;1800;2016-11-18 16:36:57+01
2044;66;1800;2016-11-18 16:37:39+01
2045;46;10000;2016-11-29 16:19:07+01
2046;41;10000;2016-12-02 18:59:54+01
2047;46;10000;2016-12-02 19:04:10+01
2048;1808;1000;2016-12-09 17:12:04+01
2049;29;650;2016-12-14 13:03:46+01
2050;46;10000;2016-12-14 13:04:42+01
2051;41;10000;2016-12-14 13:05:32+01
2052;1857;500;2016-12-14 13:05:52+01
2053;65;1500;2016-12-14 13:06:11+01
2054;1847;1000;2016-12-14 13:06:37+01
2055;44;500;2016-12-14 18:10:53+01
2056;27;1500;2016-12-14 18:11:11+01
2057;1814;1000;2016-12-14 18:16:06+01
2058;1814;1000;2017-01-04 17:27:23+01
2059;1837;1200;2017-01-04 17:30:47+01
2060;65;1500;2017-02-03 15:54:49+01
2061;1814;1000;2017-02-07 10:35:01+01
2062;65;1500;2017-02-07 10:35:48+01
2063;1863;1000;2017-02-07 11:25:54+01
2064;1864;800;2017-02-07 16:22:05+01
2065;1852;900;2017-02-07 16:47:48+01
2066;1865;1150;2017-02-08 11:11:00+01
2067;65;1500;2017-02-10 16:05:39+01
2068;1830;4000;2017-03-03 15:39:14+01
2069;1836;2000;2017-03-03 15:42:37+01
2070;1835;3500;2017-03-03 15:43:12+01
2071;1836;2000;2017-03-03 15:51:58+01
2072;65;1500;2017-03-06 11:58:28+01
2073;65;1500;2017-03-10 16:10:08+01
2074;65;1500;2017-03-13 10:17:06+01
2075;1814;1000;2017-03-13 13:41:52+01
2076;1830;4000;2017-03-17 08:43:37+01
2077;1830;4000;2017-03-17 08:43:58+01
2078;1839;800;2017-03-17 12:06:08+01
2079;1865;1150;2017-03-21 17:30:01+01
2080;14;500;2017-03-24 18:09:03+01
2081;14;650;2017-03-25 20:24:34+01
2082;1836;2000;2017-03-27 18:12:19+02
2083;1835;3500;2017-03-27 18:12:35+02
2084;27;1500;2017-03-31 18:16:18+02
